-- phpMyAdmin SQL Dump
-- version 4.8.4
-- https://www.phpmyadmin.net/
--
-- 主机： localhost:3306
-- 生成日期： 2020-07-27 23:21:59
-- 服务器版本： 5.6.37-log
-- PHP 版本： 7.2.13

SET SQL_MODE = "NO_AUTO_VALUE_ON_ZERO";
SET AUTOCOMMIT = 0;
START TRANSACTION;
SET time_zone = "+00:00";


/*!40101 SET @OLD_CHARACTER_SET_CLIENT=@@CHARACTER_SET_CLIENT */;
/*!40101 SET @OLD_CHARACTER_SET_RESULTS=@@CHARACTER_SET_RESULTS */;
/*!40101 SET @OLD_COLLATION_CONNECTION=@@COLLATION_CONNECTION */;
/*!40101 SET NAMES utf8mb4 */;

--
-- 数据库： `app`
--

-- --------------------------------------------------------

--
-- 表的结构 `class`
--

CREATE TABLE `class` (
  `name` varchar(25) NOT NULL COMMENT '班级名称',
  `year` int(4) NOT NULL COMMENT '届',
  `id` varchar(8) NOT NULL COMMENT '班级ID'
) ENGINE=MyISAM DEFAULT CHARSET=utf8;

--
-- 转存表中的数据 `class`
--

INSERT INTO `class` (`name`, `year`, `id`) VALUES
('2014级法学1班', 2014, '01011401'),
('2017级旅游管理1班(专升本)', 2017, '14011701'),
('2015级旅游管理2班', 2015, '14011502'),
('2015级旅游管理1班', 2015, '14011501'),
('2014级旅游管理1班', 2014, '14011401'),
('2014级旅游管理2班', 2014, '14011402'),
('2017级产品设计1班(专升本)', 2017, '13171701'),
('2016级产品设计1班', 2016, '13171601'),
('2015级产品设计1班', 2015, '13171501'),
('2014级产品设计1班', 2014, '13171401'),
('2017级书法学1班', 2017, '13161701'),
('2016级书法学2班', 2016, '13161602'),
('2016级书法学1班', 2016, '13161601'),
('2015级书法学1班', 2015, '13161501'),
('2014级书法学2班', 2014, '13161402'),
('2014级书法学1班', 2014, '13161401'),
('2017级产品设计(民间技能)1班', 2017, '13151701'),
('2016级产品设计(民族民间美术技能方向)1班', 2016, '13151601'),
('2015级产品设计（民族民间美术技能）1班', 2015, '13151501'),
('2014级产品设计（民族民间技能）1班', 2014, '13151401'),
('2017级服装与服饰设计2班', 2017, '13131702'),
('2017级服装与服饰设计1班', 2017, '13131701'),
('2016级服装与服饰设计1班', 2016, '13131601'),
('2015级服装与服饰设计1班', 2015, '13131501'),
('2014级服装与服饰设计1班', 2014, '13131401'),
('2017级视觉传达技术1班', 2017, '13121701'),
('2016级视觉传达技术2班', 2016, '13121602'),
('2016级视觉传达技术1班', 2016, '13121601'),
('2015级视觉传达技术2班', 2015, '13121502'),
('2015级视觉传达技术1班', 2015, '13121501'),
('2014级视觉传达技术2班', 2014, '13121402'),
('2014级视觉传达技术1班', 2014, '13121401'),
('2017级环境设计2班', 2017, '13111702'),
('2017级环境设计1班', 2017, '13111701'),
('2016级环境设计1班', 2016, '13111601'),
('2016级环境设计2班', 2016, '13111602'),
('2015级环境设计2班', 2015, '13111502'),
('2014级环境设计2班', 2014, '13111402'),
('2015级环境设计1班', 2015, '13111501'),
('2015级美术学(国画)2班', 2015, '13061502'),
('2014级环境设计1班', 2014, '13111401'),
('2015级美术学（国画）1班', 2015, '13061501'),
('2014级美术学（国画）2班', 2014, '13061402'),
('2014级美术学（国画）1班', 2014, '13061401'),
('2015级美术学（油画）3班', 2015, '13051503'),
('2015级美术学（油画）2班', 2015, '13051502'),
('2015级美术学（油画）1班', 2015, '13051501'),
('2014级美术学（油画）2班', 2014, '13051402'),
('2014级美术学（油画）1班', 2014, '13051401'),
('2015级美术学(版画)1班', 2015, '13041501'),
('2014级美术学（版画）2班', 2014, '13041402'),
('2017级动画1班', 2017, '13031701'),
('2014级美术学（版画）1班', 2014, '13041401'),
('2016级动画2班', 2016, '13031602'),
('2016级动画1班', 2016, '13031601'),
('2015级动画1班', 2015, '13031501'),
('2017级美术学5班', 2017, '13021705'),
('2014级动画1班', 2014, '13031401'),
('2017级美术学4班', 2017, '13021704'),
('2017级美术学2班', 2017, '13021702'),
('2017级美术学3班', 2017, '13021703'),
('2017级美术学1班', 2017, '13021701'),
('2016级美术学3班', 2016, '13021603'),
('2016级美术学4班', 2016, '13021604'),
('2016级美术学1班', 2016, '13021601'),
('2016级美术学2班', 2016, '13021602'),
('2017级舞蹈表演1班', 2017, '12061701'),
('2015级舞蹈表演1班', 2015, '12061501'),
('2016级舞蹈表演1班', 2016, '12061601'),
('2014级舞蹈表演1班', 2014, '12061401'),
('2017级音乐表演（民族特色表演方向)1班', 2017, '12051701'),
('2016级音乐表演（民族特色表演）1班', 2016, '12051601'),
('2015级音乐表演（民族特色）', 2015, '12051501'),
('2014级音乐表演（少数民族特色）1班', 2014, '12051401'),
('2017级舞蹈学2班（专升本）', 2017, '12031702'),
('2017级舞蹈学1班', 2017, '12031701'),
('2016级舞蹈学1班', 2016, '12031601'),
('2015级舞蹈学1班', 2015, '12031501'),
('2014级舞蹈学1班', 2014, '12031401'),
('2017级音乐表演3班（专升本）', 2017, '12021703'),
('2017级音乐表演2班', 2017, '12021702'),
('2017级音乐表演1班', 2017, '12021701'),
('2016级音乐表演3班', 2016, '12021603'),
('2016级音乐表演2班', 2016, '12021602'),
('2016级音乐表演1班', 2016, '12021601'),
('2015级音乐表演1班', 2015, '12021501'),
('2014级音乐表演1班', 2014, '12021402'),
('2017级音乐学2班', 2017, '12011702'),
('2017级音乐学1班', 2017, '12011701'),
('2016级音乐学2班', 2016, '12011602'),
('2016级音乐学1班', 2016, '12011601'),
('2015级音乐学1班', 2015, '12011501'),
('2014级音乐学2班', 2014, '12011402'),
('2014级音乐学1班', 2014, '12011401'),
('2017级社会体育指导与管理2班', 2017, '11031702'),
('2017级社会体育指导与管理1班', 2017, '11031701'),
('2017级体育教育1班', 2017, '11011701'),
('2017级体育教育2班', 2017, '11011702'),
('2016级统计学类1班', 2016, '10131601'),
('2016级统计学类2班', 2016, '10131602'),
('2015级应用统计学1班', 2015, '10121503'),
('2016级统计学2班', 2016, '10111602'),
('2017级统计学1班', 2017, '10111701'),
('2017级统计学2班', 2017, '10111702'),
('2014级应用统计学1班', 2014, '10121404'),
('2016级统计学1班', 2016, '10111601'),
('2015级统计学1班', 2015, '10111501'),
('2015级统计学2班', 2015, '10111502'),
('2014级统计学1班', 2014, '10111405'),
('2016级数学类4班', 2016, '10101604'),
('2016级数学类3班', 2016, '10101603'),
('2016级数学类2班', 2016, '10101602'),
('2014级应用数学1班', 2014, '10101401'),
('2014级应用数学2班', 2014, '10101402'),
('2016级数学类1班', 2016, '10101601'),
('2017级机械电子工程3班', 2017, '10091703'),
('2017级机械电子工程4班', 2017, '10091704'),
('2017级机械电子工程1班', 2017, '10091701'),
('2017级机械电子工程2班', 2017, '10091702'),
('2016级机械电子工程2班', 2016, '10091602'),
('2016级机械电子工程1班', 2016, '10091601'),
('2014级机械电子工程1班', 2014, '10091401'),
('2015级机械电子工程1班', 2015, '10091501'),
('2017级测控技术与仪器2班', 2017, '10081702'),
('2015级测控技术与仪器1班', 2015, '10081501'),
('2016级测控技术与仪器1班', 2016, '10081601'),
('2017级测控技术与仪器1班', 2017, '10081701'),
('2017级应用物理学1班', 2017, '10021701'),
('2014级测控技术与仪器1班', 2014, '10081401'),
('2016级应用物理学1班', 2016, '10021601'),
('2014级应用物理学1班', 2014, '10021401'),
('2015级应用物理学1班', 2015, '10021501'),
('2017级数学与应用数学1班', 2017, '07071701'),
('2015级数学与应用数学1班', 2015, '07071501'),
('2015级应用统计学1班', 2015, '10001501'),
('2017级工管理商类4班', 2017, '09091704'),
('2017级工管理商类2班', 2017, '09091702'),
('2017级工管理商类3班', 2017, '09091703'),
('2017级工管理商类1班', 2017, '09091701'),
('2017级经济统计学2班', 2017, '09071702'),
('2017级经济统计学1班', 2017, '09071701'),
('2016级经济统计学2班', 2016, '09071602'),
('2016级经济统计学1班', 2016, '09071601'),
('2015级经济统计学2班', 2015, '09071502'),
('2015级经济统计学1班', 2015, '09071501'),
('2014级经济统计学1班', 2014, '09071401'),
('2017级经济学1班', 2017, '09061701'),
('2015级经济学1班', 2015, '09061501'),
('2016级经济学1班', 2016, '09061601'),
('2017级金融学1班', 2017, '09051701'),
('2014级经济学1班', 2014, '09061401'),
('2016级金融学1班', 2016, '09051601'),
('2014级金融学2班', 2014, '09051402'),
('2015级金融学1班', 2015, '09051501'),
('2014级金融学1班', 2014, '09051401'),
('2017级电子商务1班（专升本）', 2017, '09041701'),
('2017级电子商务1班', 2017, '09041702'),
('2016级电子商务1班', 2016, '09041601'),
('2014级电子商务1班', 2014, '09041401'),
('2015级电子商务1班', 2015, '09041501'),
('2017级市场营销1班（专升本）', 2017, '09031701'),
('2016级市场营销1班', 2016, '09031601'),
('2015级市场营销1班', 2015, '09031501'),
('2017级环境生态工程1班', 2017, '04061701'),
('2015级环境生态工程（湿地方向）1班', 2015, '04061502'),
('2015级环境生态工程1班', 2015, '04061501'),
('2014级环境生态工程1班', 2014, '04061401'),
('2017级环境科学与工程类3班', 2017, '04051703'),
('2017级环境科学与工程类2班', 2017, '04051702'),
('2017级环境科学与工程类1班', 2017, '04051701'),
('2017级环境科学与工程1班（专升本）', 2017, '04605170'),
('2016级环境科学与工程（大类招生）1班', 2016, '04051601'),
('2015级环境科学与工程1班', 2015, '04051501'),
('2014级环境科学与工程1班', 2014, '04051401'),
('2015级环境科学1班', 2015, '04021501'),
('2014级环境科学1班', 2014, '04021401'),
('2017级化学工程与工艺1班', 2017, '06121701'),
('2017级制药工程1班', 2017, '06111701'),
('2016级中药资源与开发1班', 2016, '06901601'),
('2017级药学2班（专升本）', 2017, '06041702'),
('2017级药学1班', 2017, '06041701'),
('2016级药学1班', 2016, '06041601'),
('2015级药学1班', 2015, '06041501'),
('2014级药学1班', 2014, '06041401'),
('2015级应用化学（精细化工方向）1班', 2015, '06071501'),
('2016级应用化学1班', 2016, '06011601'),
('2015级应用化学1班', 2015, '06011501'),
('2014级应用化学1班', 2014, '06011401'),
('2017级复合材料与工程1班', 2017, '44021701'),
('2017级材料科学与工程2班', 2017, '44011702'),
('2017级材料科学与工程1班', 2017, '44011701'),
('2016级材料科学与工程1班', 2016, '44011601'),
('2015级材料科学与工程1班', 2015, '44011501'),
('2014级材料科学与工程1班', 2014, '44011401'),
('2017级教育技术学（认知学院）1班', 2017, '41021701'),
('2017级应用心理学2班', 2017, '41011702'),
('2017级应用心理学1班', 2017, '41011701'),
('2016级应用心理学1班', 2016, '41011601'),
('2017级学前教育5班（专升本）', 2017, '41071705'),
('2017级学前教育4班', 2017, '41071704'),
('2017级学前教育3班', 2017, '41071703'),
('2017级学前教育2班', 2017, '41071702'),
('2017级学前教育1班', 2017, '41071701'),
('2016级学前教育1班', 2016, '41071601'),
('2015级学前教育1班', 2015, '41071501'),
('2014级学前教育1班', 2014, '41071401'),
('2017级思想政治教育1班', 2017, '17011701'),
('2016级思想政治教育1班', 2016, '17011601'),
('2015级思想政治教育1班', 2015, '17011501'),
('2017级三本文科3班', 2017, '16081703'),
('2017级三本文科2班', 2017, '16081702'),
('2017级三本文科1班', 2017, '16081701'),
('2017级三本理科3班', 2017, '16061703'),
('2017级三本理科2班', 2017, '16061702'),
('2017级三本理科1班', 2017, '16061701'),
('2017级二本文科3班', 2017, '16051703'),
('2017级二本文科2班', 2017, '16051702'),
('2017级二本文科1班', 2017, '16051701'),
('2017级二本理科4班', 2017, '16041704'),
('2017级二本理科3班', 2017, '16041703'),
('2017级二本理科2班', 2017, '16041702'),
('2017级二本理科1班', 2017, '16041701'),
('2017级城乡规划2班', 2017, '15061702'),
('2017级城乡规划1班', 2017, '15061701'),
('2016级城乡规划2班', 2016, '15061602'),
('2016级城乡规划1班', 2016, '15061601'),
('2015级城乡规划1班', 2015, '15061501'),
('2015级城乡规划（乡村建设）1班', 2015, '15071501'),
('2014级城乡规划（乡村建设）2班', 2014, '15071402'),
('2014级城乡规划1班', 2014, '15061401'),
('2013级城乡规划2班', 2013, '15061302'),
('2013级城乡规划1班', 2013, '15061301'),
('2014级采矿工程1班', 2014, '15041401'),
('2017级工程管理2班', 2017, '15031702'),
('2017级工程管理1班', 2017, '15031701'),
('2016级工程管理1班', 2016, '15031601'),
('2015级工程管理1班', 2015, '15031501'),
('2014级工程管理1班', 2014, '15031401'),
('2017级土木工程4班', 2017, '15021704'),
('2017级土木工程3班', 2017, '15021703'),
('2017级土木工程2班', 2017, '15021702'),
('2017级土木工程1班', 2017, '15021701'),
('2016级土木工程3班', 2016, '15021603'),
('2016级土木工程2班', 2016, '15021602'),
('2016级土木工程1班', 2016, '15021601'),
('2015级土木工程3班', 2015, '15021503'),
('2015级土木工程2班', 2015, '15021502'),
('2015级土木工程1班', 2015, '15021501'),
('2014级土木工程3班', 2014, '15021403'),
('2014级土木工程2班', 2014, '15021402'),
('2014级土木工程1班', 2014, '15021401'),
('2017级建筑学2班', 2017, '15011702'),
('2017级建筑学1班', 2017, '15011701'),
('2016级建筑学2班', 2016, '15011602'),
('2016级建筑学1班', 2016, '15011601'),
('2015级建筑学2班', 2015, '15011502'),
('2015级建筑学1班', 2015, '15011501'),
('2014级建筑学2班', 2014, '15011402'),
('2014级建筑学1班', 2014, '15011401'),
('2013级建筑学2班', 2013, '15011302'),
('2013级建筑学1班', 2013, '15011301'),
('2015级会展经济与管理1班', 2015, '14091701'),
('2017级音乐表演(空中乘务)1班（专升本）', 2017, '14061701'),
('2016级音乐表演（空中乘务）6班', 2016, '14061606'),
('2016级音乐表演（空中乘务）5班', 2016, '14061605'),
('2016级音乐表演（空中乘务）4班', 2016, '14061604'),
('2016级音乐表演（空中乘务）3班', 2016, '14061603'),
('2016级音乐表演（空中乘务）2班', 2016, '14061602'),
('2016级音乐表演（空中乘务）1班', 2016, '14061601'),
('2015级音乐表演（空中乘务）6班', 2015, '14061506'),
('2015级音乐表演（空中乘务）5班', 2015, '14061505'),
('2015级音乐表演（空中乘务）4班', 2015, '14061504'),
('2015级音乐表演（空中乘务）3班', 2015, '14061503'),
('2015级音乐表演（空中乘务）2班', 2015, '14061502'),
('2015级音乐表演（空中乘务）1班', 2015, '14061501'),
('2014级音乐表演（空中乘务）6班', 2014, '14061407'),
('2014级音乐表演（空中乘务）5班', 2014, '14061406'),
('2014级音乐表演（空中乘务）4班', 2014, '14061405'),
('2014级音乐表演（空中乘务）3班', 2014, '14061404'),
('2014级音乐表演（空中乘务）2班', 2014, '14061403'),
('2014级音乐表演（空中乘务）1班', 2014, '14061402'),
('2017级旅游管理(航空服务)6班', 2017, '14101706'),
('2017级旅游管理(航空服务)5班', 2017, '14101705'),
('2017级旅游管理(航空服务)4班', 2017, '14101704'),
('2017级旅游管理(航空服务)3班', 2017, '14101703'),
('2017级旅游管理(航空服务)2班', 2017, '14101702'),
('2017级旅游管理(航空服务)1班', 2017, '14101701'),
('2017级旅游管理类4班', 2017, '14081704'),
('2017级旅游管理类3班', 2017, '14081703'),
('2017级旅游管理类2班', 2017, '14081702'),
('2017级旅游管理类1班', 2017, '14081701'),
('2016级旅游管理类4班', 2016, '14081604'),
('2016级旅游管理类3班', 2016, '14081603'),
('2016级旅游管理类2班', 2016, '14081602'),
('2016级旅游管理类1班', 2016, '14081601'),
('2015级旅游管理（旅游规划）1班', 2015, '14051501'),
('2014级旅游管理（旅游规划）1班', 2014, '14051401'),
('2014级法学2班', 2014, '01011402'),
('2014级法学法官班', 2014, '01021401'),
('2014级法学实验班', 2014, '01031401'),
('2015级法学1班', 2015, '01011501'),
('2015级法学2班', 2015, '01011502'),
('2015级法学3班', 2015, '01011503'),
('2016级法学1班', 2016, '01011601'),
('2016级法学2班', 2016, '01011602'),
('2016级法学3班', 2016, '01011603'),
('2017级法学1班', 2017, '01011701'),
('2017级法学2班', 2017, '01011702'),
('2017级法学3班', 2017, '01011703'),
('2017级法学4班', 2017, '01011704'),
('2017级法学5班', 2017, '01011705'),
('2017级法学6班', 2017, '01011706'),
('2014级数字媒体艺术1班', 2014, '02011401'),
('2015级数字媒体艺术1班', 2015, '02011501'),
('2016级数字媒体艺术1班', 2016, '02011601'),
('2014级广告学1班', 2014, '02021401'),
('2014级新闻学1班', 2014, '02031401'),
('2015级新闻学1班', 2015, '02031501'),
('2015级新闻学2班', 2015, '02031502'),
('2016级新闻学1班', 2016, '02031601'),
('2016级新闻学2班', 2016, '02031602'),
('2016级新闻学3班', 2016, '02031603'),
('2017级新闻学1班', 2017, '02031701'),
('2017级新闻学2班', 2017, '02031702'),
('2017级新闻学3班', 2017, '02031703'),
('2014级广编电视编导1班', 2014, '02051401'),
('2014级广播电视编导2班', 2014, '02051402'),
('2014级广播电视编导3班', 2014, '02051403'),
('2014级广播电视编导4班', 2014, '02051404'),
('2015级广播电视编导1班', 2015, '02051501'),
('2016级广播电视编导1班', 2016, '02051601'),
('2017级广播电视编导1班', 2017, '02051701'),
('2016级教育技术学1班', 2016, '02061601'),
('2017级教育技术学（认知学院）1班', 2017, '02061701'),
('2014级教育技术学（远程教育方向）1班', 2014, '02071401'),
('2014级传播学1班', 2014, '02081401'),
('2017级新闻传播学类1班', 2017, '02081701'),
('2017级新闻传播学类2班', 2017, '02081702'),
('2017级新闻传播学类3班', 2017, '02081703'),
('2017级新闻传播学类4班', 2017, '02081704'),
('2014级网络与新媒体1班', 2014, '02101401'),
('2015级网络与新媒体1班', 2015, '02101501'),
('2014级播音与主持艺术1班', 2014, '02111401'),
('2015级播音与主持艺术1班', 2015, '02111501'),
('2016级播音与主持艺术1班', 2016, '02111601'),
('2017级播音与主持艺术1班', 2017, '02111701'),
('2014级广播电视学1班', 2014, '02121401'),
('2016级中外数媒1班', 2016, '02131601'),
('2016级中外数媒2班', 2016, '02131602'),
('2017级设计学类1班', 2017, '02131701'),
('2017级设计学类2班', 2017, '02131702'),
('2014级中国少数民族语言学1班', 2014, '03011401'),
('2015级中国少数民族语言文学1班', 2015, '03011501'),
('2016级中国少数民族语言文学1班', 2016, '03011601'),
('2017级中国少数民族语言文学1班', 2017, '03011701'),
('2014级汉语言文学1班', 2014, '03041401'),
('2014级汉语言文学2班', 2014, '03041402'),
('2015级汉语言文学1班', 2015, '03041501'),
('2015级汉语言文学2班', 2015, '03041502'),
('2016级汉语言文学1班', 2016, '03041601'),
('2016级汉语言文学2班', 2016, '03041602'),
('2016级汉语言文学3班', 2016, '03041603'),
('2016级汉语言文学4班', 2016, '03041604'),
('2016级汉语言文学5班', 2016, '03041605'),
('2017级汉语言文学1班', 2017, '03041701'),
('2017级汉语言文学2班', 2017, '03041702'),
('2017级汉语言文学3班', 2017, '03041703'),
('2017级汉语言文学4班', 2017, '03041704'),
('2014级汉语言文学（现代文秘）1班', 2014, '03061401'),
('2015级汉语言文学（现代文秘）1班', 2015, '03061501'),
('2015级汉语国际教育1班', 2015, '03091501'),
('2016级汉语国际教育1班', 2016, '03091601'),
('2017级汉语国际教育1班', 2017, '03091701'),
('2015级戏剧影视文学1班', 2015, '03101501'),
('2016级戏剧影视文学1班', 2016, '03101601'),
('2017级戏剧影视文学1班', 2017, '03101701'),
('2016级图书馆学1班', 2016, '03131601'),
('2017级图书馆学1班', 2017, '03131701'),
('2014级劳动与社会保障1班', 2014, '09111401'),
('2015级劳动与社会保障1班', 2015, '09111501'),
('2016级劳动与社会保障1班', 2016, '09111601'),
('2014级行政管理1班', 2014, '09121401'),
('2015级行政管理1班', 2015, '09121501'),
('2016级行政管理1班', 2016, '09121601'),
('2014级公共事业管理1班', 2014, '09131401'),
('2015级公共事业管理1班', 2015, '09131501'),
('2016级公共事业管理1班', 2016, '09131601'),
('2014级英语1班', 2014, '05011401'),
('2014级英语2班', 2014, '05011402'),
('2015级英语1班', 2015, '05011501'),
('2015级英语2班', 2015, '05011502'),
('2015级英语3班', 2015, '05011503'),
('2016级英语1班', 2016, '05011601'),
('2016级英语2班', 2016, '05011602'),
('2016级英语3班', 2016, '05011603'),
('2017级英语1班', 2017, '05011701'),
('2017级英语2班', 2017, '05011702'),
('2017级英语3班', 2017, '05011703'),
('2017级英语4班', 2017, '05011704'),
('2017级英语5班（专升本）', 2017, '05011705'),
('2014级日语1班', 2014, '05021401'),
('2015级日语1班', 2015, '05021501'),
('2016级日语1班', 2016, '05021601'),
('2017级日语1班', 2017, '05021701'),
('2014级商务英语1班', 2014, '05031401'),
('2015级商务英语1班', 2015, '05031501'),
('2016级商务英语1班', 2016, '05031601'),
('2017级商务英语1班', 2017, '05031701'),
('2017级商务英语2班（专升本）', 2017, '05031702'),
('2014级计算机科学与技术1班', 2014, '07011401'),
('2014级计算机科学与技术 特长1班', 2014, '07011402'),
('2015级计算机科学与技术1班', 2015, '07011501'),
('2015级计算机科学与技术2班', 2015, '07011502'),
('2016级计算机科学与技术1班', 2016, '07011601'),
('2016级计算机科学与技术2班', 2016, '07011602'),
('2017级计算机科学与技术1班', 2017, '07011701'),
('2017级计算机科学与技术2班', 2017, '07011702'),
('2014级电子信息科学与技术1班', 2014, '10031401'),
('2015级电子信息科学与技术1班', 2015, '10031501'),
('2016级电子信息科学与技术1班', 2016, '10031601'),
('2016级电子信息科学与技术2班', 2016, '10031602'),
('2017级电子信息科学与技术1班', 2017, '10031701'),
('2017级电子信息科学与技术2班', 2017, '10031702'),
('2015级信息管理与信息系统1班', 2015, '07021501'),
('2014级物联网工程1班', 2014, '07031401'),
('2015级物联网工程1班', 2015, '07031501'),
('2016级物联网工程1班', 2016, '07031601'),
('2017级物联网工程1班', 2017, '07031701'),
('2016级光电信息科学与工程1班', 2016, '10011601'),
('2016级信息与计算科学1班', 2016, '07051601'),
('2016级软件工程1班', 2016, '07041601'),
('2016级软件工程2班', 2016, '07041602'),
('2016级软件工程3班', 2016, '07041603'),
('2016级软件工程4班', 2016, '07041604'),
('2017级软件工程1班', 2017, '07041701'),
('2017级软件工程2班', 2017, '07041702'),
('2017级软件工程3班', 2017, '07041703'),
('2017级软件工程4班', 2017, '07041704'),
('2017级软件工程5班', 2017, '07041705'),
('2014级社会学1班', 2014, '08011401'),
('2015级社会学1班', 2015, '08011501'),
('2016级社会学1班', 2016, '08011601'),
('2017级社会学1班', 2017, '08011701'),
('2014级社会工作1班', 2014, '08021401'),
('2015级社会工作1班', 2015, '08021501'),
('2016级社会工作1班', 2016, '08021601'),
('2017级社会工作1班', 2017, '08021701'),
('2014级历史学1班', 2014, '08031401'),
('2015级历史学1班', 2015, '08031501'),
('2016级历史学1班', 2016, '08031601'),
('2017级历史学1班', 2017, '08031701'),
('2014级民族学1班', 2014, '08041401'),
('2015级民族学1班', 2015, '08041501'),
('2016级民族学1班', 2016, '08041601'),
('2017级民族学1班', 2017, '08041701'),
('2014级文化产业管理1班', 2014, '08071401'),
('2015级文化产业管理1班', 2015, '08071501'),
('2016级文化产业管理1班', 2016, '08071601'),
('2017级文化产业管理1班', 2017, '08071701'),
('2015级文物与博物馆学1班', 2015, '08081501'),
('2016级文物与博物馆 1班', 2016, '08081601'),
('2017级文物与博物馆学1班', 2017, '08081701'),
('2014级人力资源管理1班', 2014, '09081401'),
('2015级人力资源管理1班', 2015, '09081501'),
('2016级人力资源管理1班', 2016, '09081601'),
('2017级人力资源管理1班(专升本)', 2017, '09081701'),
('2016级公共管理类1班', 2016, '09101601'),
('2016级公共管理类2班', 2016, '09101602'),
('2016级公共管理类3班', 2016, '09101603'),
('2016级公共管理类4班', 2016, '09101604'),
('2017级公共管理类1班', 2017, '09101701'),
('2017级公共管理类2班', 2017, '09101702'),
('2017级公共管理类3班', 2017, '09101703'),
('2014级会计学1班', 2014, '09011401'),
('2014级会计学2班', 2014, '09011402'),
('2014级会计学3班', 2014, '09011403'),
('2015级会计学1班', 2015, '09011501'),
('2016级会计学1班', 2016, '09011601'),
('2017级会计学1班', 2017, '09011701'),
('2014级工商管理1班', 2014, '09021401'),
('2014级工商管理2班', 2014, '09021402'),
('2015级工商管理1班', 2015, '09021501'),
('2016级工商管理1班', 2016, '09021601'),
('2016级工商管理2班', 2016, '09021602'),
('2016级工商管理3班', 2016, '09021603'),
('2017级工商管理1班（专升本）', 2017, '09021705'),
('2014级光电信息科学与工程1班', 2014, '10011401'),
('2015级光电信息科学与工程1班', 2015, '10011501');

-- --------------------------------------------------------

--
-- 表的结构 `classtables`
--

CREATE TABLE `classtables` (
  `class_id` varchar(8) NOT NULL DEFAULT '',
  `Mon_1` varchar(30) DEFAULT NULL,
  `Mon_2` varchar(30) DEFAULT NULL,
  `Mon_3` varchar(30) DEFAULT NULL,
  `Mon_4` varchar(30) DEFAULT NULL,
  `Mon_5` varchar(30) DEFAULT NULL,
  `Mon_6` varchar(30) DEFAULT NULL,
  `Mon_7` varchar(30) DEFAULT NULL,
  `Mon_8` varchar(30) DEFAULT NULL,
  `Tues_1` varchar(30) DEFAULT NULL,
  `Tues_2` varchar(30) DEFAULT NULL,
  `Tues_3` varchar(30) DEFAULT NULL,
  `Tues_4` varchar(30) DEFAULT NULL,
  `Tues_5` varchar(30) DEFAULT NULL,
  `Tues_6` varchar(30) DEFAULT NULL,
  `Tues_7` varchar(30) DEFAULT NULL,
  `Tues_8` varchar(30) DEFAULT NULL,
  `Wed_1` varchar(30) DEFAULT NULL,
  `Wed_2` varchar(30) DEFAULT NULL,
  `Wed_3` varchar(30) DEFAULT NULL,
  `Wed_4` varchar(30) DEFAULT NULL,
  `Wed_5` varchar(30) DEFAULT NULL,
  `Wed_6` varchar(30) DEFAULT NULL,
  `Wed_7` varchar(30) DEFAULT NULL,
  `Wed_8` varchar(30) DEFAULT NULL,
  `Thur_1` varchar(30) DEFAULT NULL,
  `Thur_2` varchar(30) DEFAULT NULL,
  `Thur_3` varchar(30) DEFAULT NULL,
  `Thur_4` varchar(30) DEFAULT NULL,
  `Thur_5` varchar(30) DEFAULT NULL,
  `Thur_6` varchar(30) DEFAULT NULL,
  `Thur_7` varchar(30) DEFAULT NULL,
  `Thur_8` varchar(30) DEFAULT NULL,
  `Fir_1` varchar(30) DEFAULT NULL,
  `Fir_2` varchar(30) DEFAULT NULL,
  `Fir_3` varchar(30) DEFAULT NULL,
  `Fir_4` varchar(30) DEFAULT NULL,
  `Fir_5` varchar(30) DEFAULT NULL,
  `Fir_6` varchar(30) DEFAULT NULL,
  `Fir_7` varchar(30) DEFAULT NULL,
  `Fir_8` varchar(30) DEFAULT NULL
) ENGINE=MyISAM DEFAULT CHARSET=utf8;

--
-- 转存表中的数据 `classtables`
--

INSERT INTO `classtables` (`class_id`, `Mon_1`, `Mon_2`, `Mon_3`, `Mon_4`, `Mon_5`, `Mon_6`, `Mon_7`, `Mon_8`, `Tues_1`, `Tues_2`, `Tues_3`, `Tues_4`, `Tues_5`, `Tues_6`, `Tues_7`, `Tues_8`, `Wed_1`, `Wed_2`, `Wed_3`, `Wed_4`, `Wed_5`, `Wed_6`, `Wed_7`, `Wed_8`, `Thur_1`, `Thur_2`, `Thur_3`, `Thur_4`, `Thur_5`, `Thur_6`, `Thur_7`, `Thur_8`, `Fir_1`, `Fir_2`, `Fir_3`, `Fir_4`, `Fir_5`, `Fir_6`, `Fir_7`, `Fir_8`) VALUES
('10101601', '数学分析四@6-402', '数学分析四@6-402', '复变函数@15-509', '复变函数@15-509', '数学模型@15-412', '数学模型@15-412', '数据库系统应用@15-509', '数据库系统应用@15-509', '大学英语@15-207', '大学英语@15-207', '数学分析四@6-402', '数学分析四@6-402', '数据库系统应用@15-509', '数据库系统应用@15-509', '大学物理@15-411', '大学物理@15-411', '数学模型@13-504', '数学模型@13-504', '复变函数@15-509', '复变函数@15-509', '马克思主义基本原理@15-102', '马克思主义基本原理@15-102', '数学分析四习题辅导@15-517', '数学分析四习题辅导@15-517', '数学模型@15-405', '数学模型@15-405', '大学体育', '大学体育', '数值分析@15-104（单周）/13-504（双周）', '数值分析@15-104（单周）/13-504（双周）', '数据库系统应用@13-507', '数据库系统应用@13-507', '大学物理@15-411', '大学物理@15-411', '数学分析四@6-402', '数学分析四@6-402', '', '', '', ''),
('07071501', '', '', '离散数学@15-510', '离散数学@15-510', '', '', '图论@15-510', '图论@15-510', '泛函分析@15-510', '泛函分析@15-510', '数理统计@15-510', '数理统计@15-510', '民族理论与政策@15-101', '民族理论与政策@15-101', '', '', '离散数学@15-510', '离散数学@15-510', '图论@15-510', '图论@15-510', '', '', '', '', '泛函分析@15-510', '泛函分析@15-510', '数理统计@15-510', '数理统计@15-510', '', '', '', '', '', '', '', '', '', '', '', ''),
('07071701', '高等代数二@1A-407', '高等代数二@1A-407', '大学英语2@1A-404', '大学英语2@1A-404', '高级语言程序设计@1A-607', '高级语言程序设计@1A-607', '', '', '数学分析二@1A-607', '数学分析二@1A-607', '思想道德修养与法律基础@1A-507', '思想道德修养与法律基础@1A-507', '大学体育', '大学体育', '', '', '数学分析二@1A-607', '数学分析二@1A-607', '大学英语2@1B-605', '大学英语2@1B-605', '高级语言程序设计@15-518（2点上课）', '高级语言程序设计@15-518（2点上课）', '高级语言程序设计@13-508', '高级语言程序设计@13-508', '高等代数二@1A-507', '高等代数二@1A-507', '高等代数二习题辅导@1A-703', '高等代数二习题辅导@1A-703', '数学分析二习题辅导@1B-506', '数学分析二习题辅导@1B-506', '', '', '高等代数二@1A-407', '高等代数二@1A-407', '数学分析二@1A-407', '数学分析二@1A-407', '', '', '', ''),
('07011501', '算法设计与分析@15-516', '算法设计与分析@15-516', '数理逻辑基础@15-516', '数理逻辑基础@15-516', '', '', '', '', '', '', '操作系统原理@15-517', '操作系统原理@15-517', '', '', '民族理论与政策@15-312', '民族理论与政策@15-312', '数理逻辑基础@15-516', '数理逻辑基础@15-516', '算法设计与分析@15-516', '算法设计与分析@15-516', '', '', '算法设计与分析@13-503', '算法设计与分析@13-503', '计算机网络与通信（单周）操作系统原理（双周）@13-505', '计算机网络与通信（单周）操作系统原理（双周）@13-505', '计算机网络与通信（单周）操作系统原理（双周）@13-505', '计算机网络与通信（单周）操作系统原理（双周）@13-505', '操作系统原理@15-517', '操作系统原理@15-517', '', '', '', '计算机网络与通信@15-517', '计算机网络与通信@15-517', '计算机网络与通信@15-517', '', '', '', ''),
('10001501', '', '国民经济统计学@15-410', '国民经济统计学@15-410', '国民经济统计学@15-410', '非参数统计@15-411', '非参数统计@15-411', '非参数统计@15-411', '', '多元统计分析@15-516', '多元统计分析@15-516', '民族理论与政策@15-505', '民族理论与政策@15-505', '数值分析@15-515', '数值分析@15-515', '', '', '', '', '', '', '多元统计分析@15-519 /13-508', '多元统计分析@15-519 /13-508', '', '', '数值分析@15-312（单周）/13-504（双周）', '数值分析@15-312（单周）/13-504（双周）', '', '', '抽样调查@15-411', '抽样调查@15-411', '抽样调查@15-411', '', '', '', '', '', '', '', '', ''),
('07011701', '高等数学@1A-507', '高等数学@1A-507', '大学物理@1A-705', '大学物理@1A-705', '思想道德修养与法律基础@3-501', '思想道德修养与法律基础@3-501', '', '', '大学英语2@1A-405', '大学英语2@1A-405', '高级语言程序设计@1A-703', '高级语言程序设计@1A-703', '大学体育', '大学体育', '', '', '高等数学@1A-403', '高等数学@1A-403', '线性代数@1A-703', '线性代数@1A-703', '', '', '大学物理@1A-707', '大学物理@1A-707', '高等数学@1A-407', '高等数学@1A-407', '大学英语2@1A-707', '大学英语2@1A-707', '线性代数@15-519（2点上课）', '线性代数@15-519（2点上课）', '高级语言程序设计@13-508', '高级语言程序设计@13-508', '', '', '高级语言程序设计@1A-607', '高级语言程序设计@1A-607', '', '', '', ''),
('07011502', '数据库技术@15-517', '数据库技术@15-517', '', '', '软件工程方法学导论@15-518', '软件工程方法学导论@15-518', '', '', '', '', '', '', '', '', '民族理论与政策@15-312', '民族理论与政策@15-312', '', '', '数据库技术@15-517', '数据库技术@15-517', '', '', '', '', '', '', '多媒体技术及应用@15-511', '多媒体技术及应用@13-503', '', '', '', '', '', '', '数据库技术@13-503', '数据库技术@13-503', '', '', '', ''),
('07011601', '', '', '编译原理@教2-B216', '编译原理@教2-B216', '大学英语教2-B216', '大学英语教2-B216', '大学体育', '大学体育', '离散数学@教2-B216', '离散数学@教2-B216', '', '', '马克思主义基本原理@教2-C负106', '马克思主义基本原理@教2-C负106', '面向对象程序设计@教2—A204', '面向对象程序设计@教2—A204', '数字电路与数字逻辑@教2-B216', '数字电路与数字逻辑@教2-B216', '数字电路与数字逻辑@教2-B216', '', '编译原理（第8周开始上）@a3-410', '编译原理（第8周开始上）@a3-410', '数字电路与数字逻辑@a3-410', '数字电路与数字逻辑@a3-410', '离散数学@教2-B216', '离散数学@教2-B216', '', '', '面向对象程序设计@教2—A204', '面向对象程序设计@教2—A204', '面向对象程序设计@a3-407', '面向对象程序设计@a3-407', '', '', '', '', '', '', '', ''),
('07011602', '编译原理@教2-B217', '编译原理@教2-B217', '大学英语@教2-B217', '大学英语@教2-B217', '大学体育', '大学体育', '', '', '离散数学@教2-B217', '离散数学@教2-B217', '', '', '马克思主义基本原理@教2-C负106', '马克思主义基本原理@教2-C负106', '面向对象程序设计@教2—A204', '面向对象程序设计@教2—A204', '数字电路与数字逻辑@教2-B217', '数字电路与数字逻辑@教2-B217', '数字电路与数字逻辑@教2-B217', '', '数字电路与数字逻辑@a3-411', '数字电路与数字逻辑@a3-411', '编译原理（第8周开始上）@a3-411', '编译原理（第8周开始上）@a3-411', '', '', '离散数学@教2-B217', '离散数学@教2-B217', '面向对象程序设计@教2—A204', '面向对象程序设计@教2—A204', '面向对象程序设计@a3-407', '面向对象程序设计@a3-407', '', '', '', '', '', '', '', ''),
('07011702', '大学英语2@1A-703', '大学英语2@1A-703', '高等数学@1B-508', '高等数学@1B-508', '思想道德修养与法律基础@3-501', '思想道德修养与法律基础@3-501', '大学物理@1A-505', '大学物理@1A-505', '高级语言程序设计@1A-403', '高级语言程序设计@1A-403', '', '', '大学体育', '大学体育', '', '', '大学英语2@1A-404', '大学英语2@1A-404', '高等数学@1A-403', '高等数学@1A-403', '大学物理@3-410', '大学物理@3-410', '线性代数@1A-506', '线性代数@1A-506', '', '', '高等数学@1A-403', '高等数学@1A-403', '高级语言程序设计@13-507（2点上课）', '高级语言程序设计@13-507（2点上课）', '线性代数@15-519', '线性代数@15-519', '高级语言程序设计@1A-703', '高级语言程序设计@1A-703', '', '', '', '', '', ''),
('07021501', '', '', '', '', '', '', '', '', '', '', '民族理论与政策@15-505', '民族理论与政策@15-505', '', '', '信息检索与科技论文写作@15-518', '信息检索与科技论文写作@15-518', '', '', '管理信息系统与设计@15-518', '管理信息系统与设计@15-518', '信息安全@15-511', '信息安全@15-511', '', '', '动漫制作技术@13-503', '动漫制作技术@13-503', '信息安全@5-505', '信息安全@5-505', '', '', '', '', '管理信息系统与设计@15-518', '管理信息系统与设计@15-518', '管理信息系统与设计@13-505', '管理信息系统与设计@13-505', '', '', '', ''),
('07041604', '', '', '概率论与数理统计@教2-D225', '概率论与数理统计@教2-D225', '大学体育', '大学体育', '', '', '马克思主义基本原理@教2-C负106', '马克思主义基本原理@教2-C负106', '', '', '', '', '数据库技术@教2-D225', '数据库技术@教2-D225', '数据库技术（单周）@教2-D225', '数据库技术（单周）@教2-D225', '计算机组成原理与结构@教2-D225', '计算机组成原理与结构@教2-D225', '', '', '计算机组成原理与结构@a3-409', '计算机组成原理与结构@a3-409', '大学英语@教2-D225', '大学英语@教2-D225', '概率论与数理统计@教2-D225', '概率论与数理统计@教2-D225', '', '', '', '', '数据库技术@a3-410', '数据库技术@a3-410', '', '', '', '', '', ''),
('15061701', '', '', '高数 @1B-605', '高数 @1B-605', '', '', '大学物理 @3-505', '大学物理 @3-505', '', '', '经济法 @15-315', '经济法 @15-315', '', '', '体育II @人文校区', '体育II @人文校区', '', '工程测量 @15-315', '工程测量 @15-315', '工程测量 @15-315', '大学英语II @1A-503', '大学英语II @1A-503', '思想道德修养与法律基础 @3-501', '思想道德修养与法律基础 @3-501', '大学英语II @1A-604', '大学英语II @1A-604', '高数 @3-406', '高数 @3-406', '大学物理 @体-401', '大学物理 @体-401', '', '', '', '', '高数 @1A-604', '高数 @1A-604', '', '', '', ''),
('15011701', '', '素描二   @15-703', '素描二   @15-703', '素描二    @15-703', '建筑设计基础2   @15-802', '建筑设计基础2   @15-802', '建筑设计基础2   @15-802', '建筑设计基础2   @15-802', '建筑制图与表达     @15-701', '建筑制图与表达     @15-701', '体育2    @人文校区', '体育2    @人文校区', '', '', '思想道德修养与法律基础    @3-501', '思想道德修养与法律基础   @3-501', '大学英语2   @15-805', '大学英语2   @15-805', '高数   @15-805', '高数   @15-805', '阴影透视   @15-705', '阴影透视   @15-705', '', '', '', '', '大学英语2 @3-410', '大学英语2 @3-410', '', '', '', '', '建筑设计基础2 @15-802', '建筑设计基础2 @15-802', '', '', '', '', '', ''),
('05011704', '', '', '', '', '基础英语2@15-401', '基础英语2@15-401', '体育2', '体育2', '', '', '阅读2@15-306', '阅读2@15-306', '大学语文@15-102', '大学语文@15-102', '大学语文@15-102', '', '大学计算机应用基础@15-205', '大学计算机应用基础@15-205', '中国近现代史纲要@15-101  ', '中国近现代史纲要@15-101  ', '大学计算机应用基础@13-502', '大学计算机应用基础@13-502', '基础英语2@15-404', '基础英语2@15-404', '口语2@15-302', '口语2@15-302', '英语视听说2@15-406', '英语视听说2@15-406', '语法2@15-402', '语法2@15-402', '', '', '英语国家概况@15-403\r\n', '英语国家概况@15-403\r\n', '基础英语2@15-401', '基础英语2@15-401', '', '', '', ''),
('05011703', '语法2@15-402', '语法2@15-402', '基础英语2@15-406', '基础英语2@15-406', '', '', '体育2', '体育2', '阅读2@15-403', '阅读2@15-403', '口语2@15-308', '口语2@15-308', '大学语文@15-102', '大学语文@15-102', '大学语文@15-102', '', '大学计算机应用基础@15-101', '大学计算机应用基础@15-101', '英语国家概况@15-403', '英语国家概况@15-403', '基础英语2@15-401', '基础英语2@15-401', '大学计算机应用基础@13-504', '大学计算机应用基础@13-504', '英语视听说2@15-406', '英语视听说2@15-406', '基础英语2@15-302', '基础英语2@15-302', '', '', '', '', '', '', '中国近现代史纲要@15-412  ', '中国近现代史纲要@15-412  ', '', '', '', ''),
('05011702', '', '', '语法2@15-402', '语法2@15-402', '', '', '体育2', '体育2', '基础英语2@15-404', '基础英语2@15-404', '阅读2@15-403 ', '阅读2@15-403 ', '英语视听说2@15-406', '英语视听说2@15-406', '', '', '大学计算机应用基础 @15-101', '大学计算机应用基础 @15-101', '基础英语2@15-404', '基础英语2@15-404', '大学计算机应用基础@13-504', '大学计算机应用基础@13-504', '', '', '英语国家概况@15-403', '英语国家概况@15-403', '基础英语2@15-404', '基础英语2@15-404', '大学语文@15-102', '大学语文@15-102', '大学语文@15-102', '', '口语2@15-406', '口语2@15-406', '中国近现代史纲要@15-412', '中国近现代史纲要@15-412', '', '', '', ''),
('05011701', '英语国家概况@15-403', '英语国家概况@15-403', '基础英语2@15-408', '基础英语2@15-408', '', '', '体育2', '体育2', '基础英语2@15-408', '基础英语2@15-408', '语法2@15-402', '语法2@15-402', '口语2@15-408', '口语2@15-408', '', '', '大学计算机应用基础@15-101', '大学计算机应用基础@15-101', '基础英语2@15-408', '基础英语2@15-408', '大学计算机应用基础@13-504          \r\n', '大学计算机应用基础@13-504          \r\n', '', '', '', '', '阅读2@15-402   ', '阅读2@15-402   ', '大学语文@15-102', '大学语文@15-102', '大学语文@15-102', '', '英语视听说2@15-408', '英语视听说2@15-408', '中国近现代史纲要@15-412  ', '中国近现代史纲要@15-412  ', '', '', '', ''),
('05031701', '', '', '基础英语2@15-307', '基础英语2@15-307', '阅读2@15-402', '阅读2@15-402', '体育2', '体育2', '语法2@15-402', '语法2@15-402', '基础英语2@15-406', '基础英语2@15-406', '', '', '口语2@15-408', '口语2@15-408', '大学计算机应用基础@15-205', '大学计算机应用基础@15-205', '中国近现代史纲要@15-101    ', '中国近现代史纲要@15-101    ', '大学计算机应用基础@13-502    ', '大学计算机应用基础@13-502    ', '', '', '英文电影赏析@15-401', '英文电影赏析@15-401', '基础英语2@15-307', '基础英语2@15-307', '大学语文@15-312', '大学语文@15-312', '大学语文@15-312', '', '', '', '英语视听说2@15-408', '英语视听说2@15-408', '', '', '', ''),
('05011603', '旅游英语@15-408', '旅游英语@15-408', '基础英语4@15-403', '基础英语4@15-403', '', '', '韩语2 @15-303日语2 @15-302法语2 @15-', '韩语2 @15-303日语2 @15-302法语2 @15-', '科技英语选读@15-301', '科技英语选读@15-301', '跨文化交际与英语教学、翻译实践@15-408', '跨文化交际与英语教学、翻译实践@15-408', '毛泽东思想与中国特色社会主义理论体系概论@6-203    ', '毛泽东思想与中国特色社会主义理论体系概论@6-203    ', '毛泽东思想与中国特色社会主义理论体系概论@6-203    ', '', '基础英语4@15-403', '基础英语4@15-403', '英语视听说4@13-403', '英语视听说4@13-403', '体育4', '体育4', '外贸英语@15-303', '外贸英语@15-303', '阅读4@15-407', '阅读4@15-407', '基础英语4@15-403', '基础英语4@15-403', '', '', '韩语2 @15-303日语2 @15-302法语2 @15-', '韩语2 @15-303日语2 @15-302法语2 @15-', '英语词汇学@-307', '英语词汇学@-307', '基础英语4@15-403', '基础英语4@15-403', '口语4@15-30', '口语4@15-30', '', ''),
('05011602', '科技英语选读@15-301', '科技英语选读@15-301', '英语词汇学@15-308', '英语词汇学@15-308', '基础英语4@15-307', '基础英语4@15-307', '韩语2 @15-303日语2 @15-302法语2 @15-', '韩语2 @15-303日语2 @15-302法语2 @15-', '', '', '英语视听说4@13-403', '英语视听说4@13-403', '基础英语4@15-307', '基础英语4@15-307', '基础英语4@15-307', '基础英语4@15-307', '跨文化交际与英语教学、翻译实践@15-408', '跨文化交际与英语教学、翻译实践@15-408', '阅读4@15-407', '阅读4@15-407', '体育4', '体育4', '基础英语4@15-307', '基础英语4@15-307', '旅游英语@15-408', '旅游英语@15-408', '外贸英语@15-303', '外贸英语@15-303', '口语4@15-306', '口语4@15-306', '韩语2 @15-303日语2 @15-302法语2 @15-', '韩语2 @15-303日语2 @15-302法语2 @15-', '毛泽东思想与中国特色社会主义理论体系概论@15-305', '毛泽东思想与中国特色社会主义理论体系概论@15-305', '毛泽东思想与中国特色社会主义理论体系概论@15-305', '', '', '', '', ''),
('05011601', '基础英语4@15-303', '基础英语4@15-303', '科技英语选读@15-301', '科技英语选读@15-301', '口语4@15-306', '口语4@15-306', '法语2 @15-304韩语2 @15-303 日语2 @15', '法语2 @15-304韩语2 @15-303 日语2 @15', '英语视听说4@13-403', '英语视听说4@13-403', '基础英语4@15-303', '基础英语4@15-303', '基础英语4@15-303', '基础英语4@15-303', '', '', '阅读4@15-407', '阅读4@15-407', '英语词汇学@15-308', '英语词汇学@15-308', '体育4', '体育4', '跨文化交际与英语教学、翻译实践@15-408', '跨文化交际与英语教学、翻译实践@15-408', '外贸英语@15-303', '外贸英语@15-303', '旅游英语@15-408', '旅游英语@15-408', '写作2@15-307', '写作2@15-307', '法语2 @15-304韩语2 @15-303 日语2 @15', '法语2 @15-304韩语2 @15-303 日语2 @15', '毛泽东思想与中国特色社会主义理论体系概论@15-305', '毛泽东思想与中国特色社会主义理论体系概论@15-305', '毛泽东思想与中国特色社会主义理论体系概论@15-305', '', '', '', '', ''),
('05031601', '', '', '电子商务@13-405', '电子商务@13-405', '', '', '韩语2 @15-303日语2 @15-302法语2 @15-', '韩语2 @15-303日语2 @15-302法语2 @15-', '', '', '口语4@15-302', '口语4@15-302', '', '', '基础英语4@15-307', '基础英语4@15-307', '英语视听说4@13-403', '英语视听说4@13-403', '物流英语@15-306', '物流英语@15-306', '', '', '', '', '基础英语4@15-307', '基础英语4@15-307', '阅读4@15-407', '阅读4@15-407', '', '', '韩语2 @15-303日语2 @15-302法语2 @15-', '韩语2 @15-303日语2 @15-302法语2 @15-', '毛泽东思想与中国特色社会主义理论体系概论@15-513   ', '毛泽东思想与中国特色社会主义理论体系概论@15-513   ', '毛泽东思想与中国特色社会主义理论体系概论@15-513   ', '', '', '', '', ''),
('05011503', '', '', '高级英语2@15-303', '高级英语2@15-303', '法语4 @15-304韩语4 @15-303德语4 @15-', '法语4 @15-304韩语4 @15-303德语4 @15-', '', '', '高级英语2@15-303', '高级英语2@15-303', '', '', '语言学导论@15-304', '语言学导论@15-304', '口译2@13-309', '口译2@13-309', '中国少数民族文化宣传英语笔译@15-304', '中国少数民族文化宣传英语笔译@15-304', '翻译理论与实践2@15-301', '翻译理论与实践2@15-301', '美国文学2@15-302', '美国文学2@15-302', '英美文学史2@15-304', '英美文学史2@15-304', '英国文学2@15-301', '英国文学2@15-301', '民族理论与政策@15-205', '民族理论与政策@15-205', '法语4 @15-304韩语4 @15-303德语4 @15-', '法语4 @15-304韩语4 @15-303德语4 @15-', '日语4@15-301', '日语4@15-301', '高级听力2@15-308', '高级听力2@15-308', '写作4@15-306', '写作4@15-306', '', '', '日语4@15-301', '日语4@15-301'),
('05011502', '高级英语2@15-304', '高级英语2@15-304', '', '', '法语3 @15-304韩语3 @15-303德语3 @15-', '法语3 @15-304韩语3 @15-303德语3 @15-', '', '', '语言学导论@15-306', '语言学导论@15-306', '中国少数民族文化宣传英语笔译@15-304', '中国少数民族文化宣传英语笔译@15-304', '', '', '翻译理论与实践2@15-302', '翻译理论与实践2@15-302', '', '', '美国文学2@15-302', '美国文学2@15-302', '写作4@15-306', '写作4@15-306', '口译2@13-309', '口译2@13-309', '民族理论与政策@5-100', '民族理论与政策@5-100', '高级听力2@15-308', '高级听力2@15-308', '法语3 @15-304韩语3 @15-303德语3 @15-', '法语3 @15-304韩语3 @15-303德语3 @15-', '', '', '高级英语2@15-304', '高级英语2@15-304', '英语教学法@15-307', '英语教学法@15-307', '日语4@15-301', '日语4@15-301', '', ''),
('05011501', '', '', '语言学导论@15-304', '语言学导论@15-304', '法语4 @15-304 韩语4 @15-303 德语4 @1', '法语4 @15-304 韩语4 @15-303 德语4 @1', '中国少数民族文化宣传英语笔译@15-301', '中国少数民族文化宣传英语笔译@15-301', '高级英语2@15-304', '高级英语2@15-304', '翻译理论与实践2@15-301', '翻译理论与实践2@15-301', '口译2@13-309', '口译2@13-309', '', '', '美国文学2@15-302', '美国文学2@15-302', '高级英语2@15-304', '高级英语2@15-304', '英美文学史2@15-304', '英美文学史2@15-304', '写作4@15-306', '写作4@15-306', '民族理论与政策@5-100', '民族理论与政策@5-100', '', '', '', '法语4 @15-304 韩语4 @15-303 德语4 @1', '法语4 @15-304 韩语4 @15-303 德语4 @1', '', '英国文学2@15-301', '英国文学2@15-301', '高级听力2@15-308', '高级听力2@15-308', '日语4@15-301', '日语4@15-301', '', ''),
('05031501', '外贸理论与实务（9-16周上课)@13-405', '外贸理论与实务（9-16周上课)@13-405', '', '', '法语4 @15-304韩语4 @15-303德语4 @15-', '法语4 @15-304韩语4 @15-303德语4 @15-', '', '', '', '', '高级商务英文写作2@15-307', '高级商务英文写作2@15-307', '', '', '剑桥商务英语2@15-404', '剑桥商务英语2@15-404', '外贸理论与实务（9-16周上课)@13-405', '外贸理论与实务（9-16周上课)@13-405', '', '', '商务口译@13-309', '商务口译@13-309', '中国少数民族文化宣传英语笔译@15-301', '中国少数民族文化宣传英语笔译@15-301', '高级商务听力2@15-306', '高级商务听力2@15-306', '民族理论与政策@15-205', '民族理论与政策@15-205', '法语4 @15-304韩语4 @15-303德语4 @15-', '法语4 @15-304韩语4 @15-303德语4 @15-', '日语4@15-301', '日语4@15-301', '高级商务阅读2@15-302', '高级商务阅读2@15-302', '', '', '', '', '日语4@15-301', '日语4@15-301'),
('15021502', '土力学与基础工程 @15-505', '土力学与基础工程 @15-505', '', '', '建筑结构抗震 @15-405', '建筑结构抗震 @15-405', '', '', '组合结构设计原理 @15-102', '组合结构设计原理 @15-102', '建筑施工技术与组织 @15-313', '建筑施工技术与组织 @15-313', '', '', '钢结构设计原理 @15-205', '钢结构设计原理 @15-205', '房屋混凝土与砌体结构设计 @15-313', '房屋混凝土与砌体结构设计 @15-313', '', '', '建筑法规 @15-316', '建筑法规 @15-316', '', '', '钢结构设计原理 @15-305', '钢结构设计原理 @15-305', '', '', '土力学与基础工程 @15-515', '土力学与基础工程 @15-515', '', '', '木结构设计 @15-101', '木结构设计 @15-101', '', '', '', '', '', ''),
('15021501', '土力学与基础工程 @15-505', '土力学与基础工程 @15-505', '', '', '', '', '建筑结构抗震  @15-313', '建筑结构抗震  @15-313', '组合结构设计原理 @15-102', '组合结构设计原理 @15-102', '', '', '钢结构设计原理 @15-313', '钢结构设计原理 @15-313', '建筑施工技术与组织 @15-313', '建筑施工技术与组织 @15-313', '', '', '', '', '房屋混凝土与砌体结构设计  @15-313', '房屋混凝土与砌体结构设计  @15-313', '', '', '', '', '钢结构设计原理（双周）@15-315', '钢结构设计原理（双周）@15-315', '土力学与基础工程 @15-515', '土力学与基础工程 @15-515', '建筑法规 @15-313', '建筑法规 @15-313', '木结构设计 @15-101', '木结构设计 @15-101', '', '', '', '', '', ''),
('15021603', '房屋建筑学及课程设计  @313', '房屋建筑学及课程设计  @313', '', '', '结构力学（5-7节） @15-315', '结构力学（5-7节） @15-315', '结构力学（5-7节） @15-315', '', '马克思主义基本原理 @15-101', '马克思主义基本原理 @15-101', '混凝土结构设计原理 @15-314', '混凝土结构设计原理 @15-314', '', '', '', '', '', '结构力学   @15-316', '结构力学   @15-316', '结构力学   @15-316', '', '', '工程测量(单周）/房屋建筑学及课程设计（双周）@15-313', '工程测量(单周）/房屋建筑学及课程设计（双周）@15-313', '工程地质  @15-314', '工程地质  @15-314', '混凝土结构设计原理 @15-802', '混凝土结构设计原理 @15-802', '大学英语4 @15-207', '大学英语4 @15-207', '体育四', '体育四', '', '', '工程测量  @15-314', '工程测量  @15-314', '', '', '', ''),
('15021602', '结构力学（1-2合班）@15-412', '结构力学（1-2合班）@15-412', '房屋建筑学及课程设计 @15-305', '房屋建筑学及课程设计 @15-305', '', '', '', '', '马克思主义基本原理 @15-101', '马克思主义基本原理 @15-101', '混凝土结构设计原理 @15-305', '混凝土结构设计原理 @15-305', '', '', '', '', '结构力学（1-2合班）@5-100', '结构力学（1-2合班）@5-100', '', '', '工程测量(单周）/房屋建筑学及课程设计（双周）@15-412', '工程测量(单周）/房屋建筑学及课程设计（双周）@15-412', '工程地质 @15-314', '工程地质 @15-314', '', '', '大学英语4 @15-207', '大学英语4 @15-207', '混凝土结构设计原理（1-2合班）@15-513', '混凝土结构设计原理（1-2合班）@15-513', '体育四', '体育四', '工程测量 @15-505', '工程测量 @15-505', '结构力学（1-2合班）@15-405', '结构力学（1-2合班）@15-405', '', '', '', ''),
('15021601', '结构力学（1-2合班）@15-412', '结构力学（1-2合班）@15-412', '房屋建筑学及课程设计 @15-305', '房屋建筑学及课程设计 @15-305', '', '', '', '', '马克思主义基本原理 @15-101', '马克思主义基本原理 @15-101', '混凝土结构设计原理（1-2合班）@15-305', '混凝土结构设计原理（1-2合班）@15-305', '大学英语4  @15-207', '大学英语4  @15-207', '', '', '结构力学（1-2合班）@5-100', '结构力学（1-2合班）@5-100', '', '', '工程测量(单周）/房屋建筑学及课程设计（双周）@15-412', '工程测量(单周）/房屋建筑学及课程设计（双周）@15-412', '', '', '', '', '工程地质 @15-316', '工程地质 @15-316', '混凝土结构设计原理（1-2合班）@15-513', '混凝土结构设计原理（1-2合班）@15-513', '体育四', '体育四', '工程测量 @15-505', '工程测量 @15-505', '结构力学（1-2合班）@15-405', '结构力学（1-2合班）@15-405', '', '', '', ''),
('15021703', '高数  @体-401', '高数  @体-401', '思想道德修养与法律基础 @体-401', '思想道德修养与法律基础 @体-401', '大学物理 @3-505', '大学物理 @3-505', '工程制图与计算机绘图 @13-504', '工程制图与计算机绘图 @13-504', '大学英语2（合班） @3-505', '大学英语2（合班） @3-505', '体育2(合班) @人文校区', '体育2(合班) @人文校区', '', '', '', '', '理论力学 @3-505', '理论力学 @3-505', '', '', '大学英语2（合班） @3-505', '大学英语2（合班） @3-505', '大学化学 @体-401', '大学化学 @体-401', '高数  @体-401', '高数  @体-401', '大学物理 @3-505', '大学物理 @3-505', '', '', '理论力学（单周） @3-505', '理论力学（单周） @3-505', '高数 @体-401', '高数 @体-401', '理论力学 @3-505', '理论力学 @3-505', '工程制图与计算机绘图（单周） @13-504', '', '', ''),
('15021702', '高数  @体-401', '高数  @体-401', '思想道德修养与法律基础 @体-401', '思想道德修养与法律基础 @体-401', '大学物理 @3-505', '大学物理 @3-505', '', '', '工程制图与计算机绘图 @13-502', '工程制图与计算机绘图 @13-502', '体育2  @人文校区', '体育2  @人文校区', '大学英语2 @1A-504', '大学英语2 @1A-504', '', '', '理论力学 @3-505    ', '理论力学 @3-505    ', '大学英语2 @3-310', '大学英语2 @3-310', '', '', '大学化学 @体 401', '大学化学 @体 401', '高数  @体-401', '高数  @体-401', '大学物理 @3-505', '大学物理 @3-505', '', '', '理论力学(单周） @3-505', '理论力学(单周） @3-505', '高数  @体-401', '高数  @体-401', '理论力学 @3-505    ', '理论力学 @3-505    ', '工程制图与计算机绘图（双周） @13-504', '工程制图与计算机绘图（双周） @13-504', '', ''),
('15021701', '高数 @体-401', '高数 @体-401', '思想道德修养与法律基础 @体-401', '思想道德修养与法律基础 @体-401', '', '', '大学物理  @3-505', '大学物理 @3-505', '工程制图与计算机绘图 @13-502', '工程制图与计算机绘图 @13-502', '体育2  @人文校区', '体育2  @人文校区', '理论力学  @1A-607', '理论力学 @1A-607', '大学英语2 @1A-506', '大学英语2 @1A-506', '大学英语2 @3-401', '大学英语2 @3-401', '理论力学(单周）@3-505', '理论力学(单周）@3-505', '', '', '大学化学  @体-401', '大学化学  @体-401', '高数  @体-401', '高数  @体-401', '', '', '大学物理  @体-401', '大学物理  @体-401', '', '', '高数  @体-401', '高数  @体-401', '理论力学  @3-501', '理论力学  @3-501', '工程制图与计算机绘图（双周）@13-504', '工程制图与计算机绘图（双周）@13-504', '', ''),
('15041401', '毕业设计 @专业老师', '毕业设计 @专业老师', '毕业设计 @专业老师', '毕业设计 @专业老师', '毕业设计 @专业老师', '毕业设计 @专业老师', '毕业设计 @专业老师', '毕业设计 @专业老师', '毕业设计 @专业老师', '毕业设计 @专业老师', '毕业设计 @专业老师', '毕业设计 @专业老师', '毕业设计 @专业老师', '毕业设计 @专业老师', '毕业设计 @专业老师', '毕业设计 @专业老师', '毕业设计 @专业老师', '毕业设计 @专业老师', '毕业设计 @专业老师', '毕业设计 @专业老师', '毕业设计 @专业老师', '毕业设计 @专业老师', '毕业设计 @专业老师', '毕业设计 @专业老师', '毕业设计 @专业老师', '毕业设计 @专业老师', '毕业设计 @专业老师', '毕业设计 @专业老师', '毕业设计 @专业老师', '毕业设计 @专业老师', '毕业设计 @专业老师', '毕业设计 @专业老师', '毕业设计 @专业老师', '毕业设计 @专业老师', '毕业设计 @专业老师', '毕业设计 @专业老师', '毕业设计 @专业老师', '毕业设计 @专业老师', '毕业设计 @专业老师', '毕业设计 @专业老师'),
('05021701', '', '', '日语精读2@15-404', '日语精读2@15-404', '体育2', '体育2', '日语会话2@15-404  ', '日语会话2@15-404  ', '大学英语2@15-414', '大学英语2@15-414', '日语精读2@15-404', '日语精读2@15-404', '大学计算机应用基础@15-415', '大学计算机应用基础@15-415', '大学计算机应用基础@13-503', '大学计算机应用基础@13-503', '日语会话2@15-404', '日语会话2@15-404', '中国近现代史纲要@15-101', '中国近现代史纲要@15-101', '日语视听说1@15-404', '日语视听说1@15-404', '', '', '日语精读2@15-404', '日语精读2@15-404', '大学英语2@13-403', '大学英语2@13-403', '大学语文@15-312', '大学语文@15-312', '大学语文@15-312', '大学语文@15-312', '日语视听说1@15-404', '日语视听说1@15-404', '日语精读2@15-404', '日语精读2@15-404', '', '', '', ''),
('05021601', '', '', '日语精读4@15-401', '日语精读4@15-401', '日语会话4@15-408', '日语会话4@15-408', '', '', '大学英语4@15-213', '大学英语4@15-213', '日语精读4@15-401', '日语精读4@15-401', '日语泛读2@15-404', '日语泛读2@15-404', '日语测试 卢 黎（1-8周）王育虹（9-16周）@15-40', '日语测试 卢 黎（1-8周）王育虹（9-16周）@15-40', '日语精读4@15-401', '日语精读4@15-401', '写作1@15-401', '写作1@15-401', '体育4', '体育4', '', '', '日语视听说3@15-304', '日语视听说3@15-304', '日语精读4@15-401', '日语精读4@15-401', '日语会话4@15-408', '日语会话4@15-408', '日语会话4@15-408', '日语会话4@15-408', '毛泽东思想与中国特色社会主义\r\n理论体系概论（1、2、3节连', '毛泽东思想与中国特色社会主义\r\n理论体系概论（1、2、3节连', '毛泽东思想与中国特色社会主义\r\n理论体系概论（1、2、3节连', '', '日语视听说3@15-408', '日语视听说3@15-408', '', ''),
('05021501', '日语精读6@15-406', '日语精读6@15-406', '', '', '', '', '', '', '日语精读6@15-406', '日语精读6@15-406', '日汉互译1@15-407', '日汉互译1@15-407', '写作3@15-401', '写作3@15-401', '', '', '日语精读6@15-406', '日语精读6@15-406', '日本文学1@15-406', '日本文学1@15-406', '', '', '', '', '民族理论与政策@5-100      ', '民族理论与政策@5-100      ', '商务日语1@15-304', '商务日语1@15-304', '', '', '', '', '贵州旅游与日语导游@15-401', '贵州旅游与日语导游@15-401', '日语高级视听说2@15-406', '日语高级视听说2@15-406', '', '', '', ''),
('13111702', '', '', '大学体育2', '大学体育2', '大学语文 @美术大楼A110', '大学语文 @美术大楼A110', '大学语文 @美术大楼A110', '', '大学英语2 @15-311', '大学英语2 @15-311', '', '', '思想道德修养 @15-103', '思想道德修养 @15-103', '', '', '', '', '', '', '', '', '', '', '大学英语2 @15-311', '大学英语2 @15-311', '设计概论 @A111', '设计概论 @A111', '', '', '', '', '', '', '', '', '', '', '', ''),
('13111602', '', '', '', '', '', '', '', '', '', '', '', '', '大学英语4 @A109', '大学英语4 @A109', '', '', '马克思主义基本原理 @15-305', '马克思主义基本原理 @15-305', '', '', '', '', '', '', '', '', '', '', '大学体育4', '大学体育4', '', '', '', '', '中国艺术设计史 @A113', '中国艺术设计史 @A113', '', '', '', ''),
('13111701', '', '', '大学体育2', '大学体育2', '大学语文 @美术大楼A110', '大学语文 @美术大楼A110', '大学语文 @美术大楼A110', '', '大学英语2 @15-311', '大学英语2 @15-311', '', '', '思想道德修养 @15-103', '思想道德修养 @15-103', '', '', '', '', '', '', '', '', '', '', '大学英语2 @15-311', '大学英语2 @15-311', '设计概论 @A111', '设计概论 @A111', '', '', '', '', '', '', '', '', '', '', '', ''),
('13111502', '', '', '', '', '', '', '', '', '', '', '', '', '世界现代设计史 @A111', '世界现代设计史 @A111', '', '', '', '', '', '', '', '', '', '', '', '', '', '', '', '', '', '', '', '', '', '', '', '', '', ''),
('13111601', '', '', '', '', '', '', '', '', '', '', '', '', '大学英语4 @A109', '大学英语4 @A109', '', '', '马克思主义基本原理 @15-305', '马克思主义基本原理 @15-305', '', '', '', '', '', '', '', '', '', '', '大学体育4', '大学体育4', '', '', '', '', '中国艺术设计史 @A113', '中国艺术设计史 @A113', '', '', '', ''),
('13111501', '', '', '', '', '', '', '', '', '', '', '', '', '世界现代设计史 @A111', '世界现代设计史 @A111', '', '', '', '', '', '', '', '', '', '', '', '', '', '', '', '', '', '', '', '', '', '', '', '', '', ''),
('13161501', '', '', '', '', '', '', '', '', '', '', '', '', '当代经济与政治 @15-205', '当代经济与政治 @15-205', '', '', '民族理论与政策 @15-405', '民族理论与政策 @15-405', '', '', '', '', '', '', '', '', '', '', '', '', '', '', '', '', '', '', '', '', '', ''),
('13161601', '', '', '', '', '大学英语4 @A109', '大学英语4 @A109', '', '', '', '', '', '', '', '', '', '', '', '', '', '', '', '', '', '', '', '', '', '', '', '', '马克思主义基本原理 @15-513', '马克思主义基本原理 @15-513', '', '', '', '', '', '', '', ''),
('13161602', '', '', '', '', '大学英语4 @109', '大学英语4 @109', '', '', '', '', '', '', '', '', '', '', '', '', '', '', '', '', '', '', '', '', '', '', '', '', '马克思主义基本原理 @15-513', '马克思主义基本原理 @15-513', '', '', '', '', '', '', '', ''),
('13161701', '', '', '大学英语2 @A109', '大学英语2 @A109', '思想道德修养 @15-101', '思想道德修养 @15-101', '', '', '', '', '', '', '', '', '', '', '大学英语2 @15-207', '大学英语2 @15-207', '大学体育2', '大学体育2', '', '', '', '', '', '', '', '', '', '', '', '', '', '', '', '', '', '', '', ''),
('03091501', '', '', '中国古代文学@2-401', '中国古代文学@2-401', '语言测试理论及汉语测试专题@2-202', '语言测试理论及汉语测试专题@2-202', '', '', '', '', '文化语言学@2-402', '文化语言学@2-402', '', '', '', '', '', '', '', '', '', '', '中西文化比较研究@2-203', '中西文化比较研究@2-203', '', '', '', '', '', '', '对外汉语教学与文化2-403  ', '对外汉语教学与文化2-403', '民族理论与政策@15-405', '', '', '', '', '', '', ''),
('03041702', '', '', '现代汉语@2-103', '现代汉语@2-103', '基础写作@2-403', '基础写作@2-403', '思想道德修养与法律基础@5-100', '思想道德修养与法律基础@5-100', '大学英语1@15-412', '大学英语1@15-412', '', '', '计算机应用基础（理论）@5-100', '计算机应用基础（理论）@5-100', '计算机应用基础（上机）@13-504', '计算机应用基础（上机）@13-504', '', '', '体育1', '体育1', '', '', '现代汉语@2-201', '现代汉语@2-201', '', '', '大学英语1@15-505', '大学英语1@15-505', '基础写作@2-402', '基础写作@2-402', '', '', '逻辑学@13-103', '逻辑学@13-103', '逻辑学@13-103', '逻辑学@13-103', '', '', '', ''),
('44011601', '高分子化学与物理@6-105', '高分子化学与物理@6-105', '', '', '马克思主义基本原理@15-305', '马克思主义基本原理@15-305', '', '', '仪器分析@6-105', '仪器分析@6-105', '物理化学@6-105', '物理化学@6-105', '材料力学（三节连上）@6-105', '', '', '', '', '', '大学英语四@15-209', '大学英语四@15-209', '电工与电子技术@6-105', '电工与电子技术@6-105', '电工与电子技术理论@6-105', '电工与电子技术实验@6-105', '', '', '高分子化学与物理@6-105', '高分子化学与物理@6-105', '体育四', '体育四', '', '', '', '', '物理化学@6-105', '物理化学@6-105', '无机非金属材料基础@6-105', '无机非金属材料基础@6-105', '', ''),
('03011501', '', '', '', '', '民族文学二@2-303', '民族文学二@2-303', '', '', '民族文化学 @2-403                  ', '民族文化学 @2-403                  ', '文字学概论 @2-401                  ', '文字学概论 @2-401                  ', '南方少数民族文化概论 @2-401', '南方少数民族文化概论 @2-401', '', '', '', '', '', '', '贵州少数民族古籍与文献 @2-103            ', '贵州少数民族古籍与文献 @2-103            ', '民族理论与政策 @15-305', '民族理论与政策 @15-305', '教育心理学@2-103', '教育心理学@2-103', '', '', '民族文学二@2-303', '民族文学二@2-303', '', '', '', '', '贵州少数民族方 @2-203', '贵州少数民族方 @2-203', '', '', '', ''),
('44021701', '', '', '大学物理@1A-403', '大学物理@1A-403', '大学英语二@1A-505', '大学英语二@1A-505', '高等数学@1A-403', '高等数学@1A-403', '', '', '大学体育二', '大学体育二', '大学物理@1A-404', '大学物理@1A-404', '思想道德修养与法律基础@1A-403', '思想道德修养与法律基础@1A-403', '大学英语二@1A-504', '大学英语二@1A-504', '高等数学@1A-506', '高等数学@1A-506', '无机及分析化学@1A-504', '无机及分析化学@1A-504', '无机及分析化学@1A-504', '', '工程制图及AutoCAD@3-501', '工程制图及AutoCAD@3-501', '', '', '高等数学@1A-703', '高等数学@1A-703', '线性代数@1A-707', '线性代数@1A-707', '', '无机及分析化学@1B-605', '无机及分析化学@1B-605', '无机及分析化学@1B-605', '', '', '', ''),
('03061501', '', '', '电子商务@2-302  ', '电子商务@2-302  ', '', '', '', '', '传播学@2-103', '传播学@2-103', '', '', '行政管理@2-203', '行政管理@2-203', '行政管理@2-203', '', '', '', '电子商务@2-302   ', '电子商务@2-302   ', '自我形象设计@2-202', '自我形象设计@2-202', '教育心理学@2-201', '教育心理学@2-201', '', '', '', '', '传播学@2-401', '传播学@2-401', '民族理论与政策@15-305', '民族理论与政策@15-305', '', '', '', '', '', '', '', ''),
('44011701', '大学英语二@1A-505', '大学英语二@1A-505', '', '', '高等数学@1A-507', '高等数学@1A-507', '大学物理@1B-605', '大学物理@1B-605', '', '', '大学体育二', '大学体育二', '思想道德修养与法律基础@1A-407', '思想道德修养与法律基础@1A-407', '无机及分析化学@1A-504', '无机及分析化学@1A-504', '高等数学@1A-407', '高等数学@1A-407', '大学物理@1B-506', '大学物理@1B-506', '大学英语二@1A-505', '大学英语二@3-406', '无机及分析化学@1B-506', '无机及分析化学@1B-506', '', '', '无机及分析化学@1A-404', '无机及分析化学@1A-404', '线性代数@3-501', '线性代数@3-501', '高等数学@1A-407', '高等数学@1A-407', '工程制图及AutoCAD@1A-505', '工程制图及AutoCAD@1A-505', '', '', '', '', '', ''),
('44011702', '大学物理@1B-508', '大学物理@1B-508', '大学英语二@1A-506', '大学英语二@1A-506', '高等数学@1A-507', '高等数学@1A-507', '无机及分析化学@1A-504', '无机及分析化学@1A-504', '无机及分析化学@1A-504', '无机及分析化学@1A-504', '大学体育二', '大学体育二', '思想道德修养与法律基础@1A-407', '思想道德修养与法律基础@1A-407', '大学物理@1A-405', '大学物理@1A-405', '高等数学@1A-407', '高等数学@1A-407', '大学英语二@1A-606', '大学英语二@1A-606', '', '', '', '', '工程制图及AutoCAD@3-501', '工程制图及AutoCAD@3-501', '', '', '线性代数@3-501', '线性代数@3-501', '高等数学@1A-407', '高等数学@1A-407', '', '', '无机及分析化学@1A-505', '无机及分析化学@1A-505', '', '', '', ''),
('10101602', '复变函数@15-509', '复变函数@15-509', '数学分析四@6-402', '数学分析四@6-402', '数据库系统应用@15-516', '数据库系统应用@15-516', '数学模型@15-101', '数学模型@15-101', '数学分析四@6-402', '数学分析四@6-402', '大学英语@15-216', '大学英语@15-216', '大学物理@15-411', '大学物理@15-411', '数值分析@15-305', '数值分析@15-305', '复变函数@15-509', '复变函数@15-509', '数学模型@13-502', '数学模型@13-502', '马克思主义基本原理@15-102', '马克思主义基本原理@15-102', '数据库系统应用@15-516', '数据库系统应用@15-516', '数据库系统应用@13-508', '数据库系统应用@13-508', '大学体育', '大学体育', '数学分析四习题辅导@15-510', '数学分析四习题辅导@15-510', '数值分析@15-101（单周）/13-504（双周）', '数值分析@15-101（单周）/13-504（双周）', '数学分析四@6-402', '数学分析四@6-402', '大学物理@15-411', '大学物理@15-411', '', '', '', ''),
('10101603', '数学分析四@6-404', '数学分析四@6-404', '数据库系统应用@15-511', '数据库系统应用@15-511', '复变函数@15-509', '复变函数@15-509', ' 数学模型@15-516', ' 数学模型@15-516', '大学物理@15-509', '大学物理@15-509', '数据库系统应用@15-511', '数据库系统应用@15-511', '数值分析@15-515', '数值分析@15-515', '数学模型@13-508', '数学模型@13-508', '大学英语@15-213', '大学英语@15-213', '马克思主义基本原理@15-412', '马克思主义基本原理@15-412', '复变函数@15-509', '复变函数@15-509', '数学分析四@6-404', '数学分析四@-404', '数值分析15-312（单周）/13-504（双周）', '数值分析', '大学体育', '大学体育', '大学物理@15-509', '大学物理@15-509', '数学分析四习题辅导@15-517', '数学分析四习题辅导@15-517', '数学分析四@6-404', '数学分析四@6-404', '数据库系统应用@13-508', '数据库系统应用@13-508', '', '', '', ''),
('07041601', '概率论与数理统计@教2-B219', '概率论与数理统计@教2-B219', '', '', '大学体育', '大学体育', '', '', '数据库技术@教2-B219', '数据库技术@教2-B219', '数据库技术@教2-B219', '', '马克思主义基本原理@教2-C负106', '马克思主义基本原理@教2-C负106', '', '', '大学英语@教2-B219', '大学英语@教2-B219', '数据库技术@a3-410', '数据库技术@a3-410', '', '', '', '', '计算机组成原理与结构@教2-B219', '计算机组成原理与结构@教2-B219', '', '', '计算机组成原理与结构@a3-410', '计算机组成原理与结构@a3-410', '', '', '', '', '概率论与数理统计@教2-B219', '概率论与数理统计@教2-B219', '', '', '', ''),
('07041602', '', '', '概率论与数理统计@教2-B221', '概率论与数理统计@教2-B221', '大学体育', '大学体育', '', '', '马克思主义基本原理@教2-C负106 ', '马克思主义基本原理@教2-C负106 ', '', '', '数据库技术@教2-B221', '数据库技术@教2-B221', '数据库技术@教2-B221', '', '数据库技术@a3-410', '数据库技术@a3-410', '大学英语@教2-B221', '大学英语@教2-B221', '', '', '', '', '', '', '计算机组成原理与结构@教2-B221', '计算机组成原理与结构@教2-B221', '', '', '计算机组成原理与结构@a3-410', '计算机组成原理与结构@a3-410', '概率论与数理统计@教2-B221', '概率论与数理统计@教2-B221', '', '', '', '', '', ''),
('07041603', '概率论与数理统计@教2-D224', '概率论与数理统计@教2-D224', '', '', '大学体育', '大学体育', '', '', '马克思主义基本原理@教2-C负106', '马克思主义基本原理@教2-C负106', '', '', '数据库技术@教1-D426 ', '数据库技术@教1-D426 ', '数据库技术@教1-D426 ', '', '计算机组成原理与结构@教2-D224', '计算机组成原理与结构@教2-D224', '', '', '计算机组成原理与结构@a3-409', '计算机组成原理与结构@a3-409', '', '', '概率论与数理统计@教2-D224', '概率论与数理统计@教2-D224', '', '', '大学英语@教2-D224', '大学英语@教2-D224', '', '', '', '', '数据库技术@a3-410', '数据库技术@a3-410', '', '', '', ''),
('07041701', 'C语言基础@1B-507', 'C语言基础@1B-507', '大学英语2@1B-507', '大学英语2@1B-507', '高等数学@1A-506', '高等数学@1A-506', '', '', '', '', '高等数学@1A-506', '高等数学@1A-506', '大学体育', '大学体育', '', '', '线性代数@1B-506', '线性代数@1B-506', '大学英语2@3-410', '大学英语2@3-410', '思想道德修养与法律基础@3-501', '思想道德修养与法律基础@3-501', '软件工程方法学导论@1A-406', '软件工程方法学导论@1A-406', '线性代数@1A-506', '线性代数@1A-506', '高等数学@1B-506', '高等数学@1B-506', '', '', 'C语言基础@1A-703', 'C语言基础@1A-703', 'C语言基础@1B-706', 'C语言基础@1B-706', '软件工程方法学导论@1A-705', '软件工程方法学导论@1A-705', '', '', '', ''),
('07041702', '高等数学@1B-506', '高等数学@1B-506', 'C语言基础@1B-506', 'C语言基础@1B-506', '', '', '线性代数@1A-506', '线性代数@1A-506', '', '', '大学英语2@1A-604', '大学英语2@1A-604', '大学体育', '大学体育', '高等数学@1A-404', '高等数学@1A-404', '大学英语2@1A-604', '大学英语2@1A-604', '软件工程方法学导论@1A-504', '软件工程方法学导论@1A-504', '思想道德修养与法律基础@3-501', '思想道德修养与法律基础@3-501', '', '', '高等数学@1A-705', '高等数学@1A-705', '线性代数@1A-604', '线性代数@1A-604', 'C语言基础@1A-506', 'C语言基础@1A-506', '', '', '软件工程方法学导论@1A-506', '软件工程方法学导论@1A-506', 'C语言基础@1B-706', 'C语言基础@1B-706', '', '', '', ''),
('07041703', '大学英语2@1A-606', '大学英语2@1A-606', '高等数学@1A-604', '高等数学@1A-604', '线性代数@1A-504', '线性代数@1A-504', '思想道德修养与法律基础@1A-507', '思想道德修养与法律基础@1A-507', '高等数学@1A-506', '高等数学@1A-506', '软件工程方法学导论@体-401', '软件工程方法学导论@体-401', '大学体育', '大学体育', '', '', '大学英语2@1A-606', '大学英语2@1A-606', '', '', 'C语言基础@1A-506', 'C语言基础@1A-506', '', '', '线性代数@1A-505', '线性代数@1A-505', '高等数学@1A-606', '高等数学@1A-606', 'C语言基础@1A-604', 'C语言基础@1A-604', '软件工程方法学导论@体-401', '软件工程方法学导论@体-401', 'C语言基础@13-502（8点上课）', 'C语言基础@13-502（8点上课）', '', '', '', '', '', ''),
('07041704', '线性代数@1A-604', '线性代数@1A-604', '大学英语2@1A-606', '大学英语2@1A-606', '高等数学@1A-604', '高等数学@1A-604', '思想道德修养与法律基础@1A-507', '思想道德修养与法律基础@1A-507', '', '', '软件工程方法学导论@体-401', '软件工程方法学导论@体-401', '大学体育', '大学体育', '', '', '', '', '大学英语2@3-406', '大学英语2@3-406', '高等数学@1A-406', '高等数学@1A-406', 'C语言基础@3-410', 'C语言基础@3-410', '', '', 'C语言基础@1A-406', 'C语言基础@1A-406', '线性代数@1A-504', '线性代数@1A-504', '软件工程方法学导论@体-401', '软件工程方法学导论@体-401', '高等数学@1A-404', '高等数学@1A-404', '', '', '', '', '', ''),
('07041705', '', '', '', '', 'C语言基础@1B-706', 'C语言基础@1B-706', '高等数学@1A-604', '高等数学@1A-604', '', '', '软件工程方法学导论@体-401', '软件工程方法学导论@体-401', '大学体育', '大学体育', '思想道德修养与法律基础@1A-407', '思想道德修养与法律基础@1A-407', 'C语言基础@1A-506', 'C语言基础@1A-506', '大学英语2@1A-604', '大学英语2@1A-604', '线性代数@1B-307', '线性代数@1B-307', '高等数学@3-408', '高等数学@3-408', '大学英语2@1A-404', '大学英语2@1A-404', '线性代数@1A-506', '线性代数@1A-506', 'C语言基础@1B-605', 'C语言基础@1B-605', '软件工程方法学导论@体-401', '软件工程方法学导论@体-401', '', '', '高等数学@1B-508', '高等数学@1B-508', '', '', '', ''),
('13131501', '', '', '', '', '', '', '', '', '', '', '世界现代设计史 @A111', '世界现代设计史 @A111', '当代经济与政治 @15-513', '当代经济与政治 @15-513', '', '', '', '', '', '', '民族理论与政策 @15-513', '民族理论与政策 @15-513', '', '', '', '', '', '', '', '', '', '', '', '', '', '', '', '', '', ''),
('13131601', '', '', '', '', '', '', '', '', '中外服装简史 @A110', '中外服装简史 @A110', '中外服装简史 @A110', '中外服装简史 @A110', '', '', '', '', '', '', '大学英语4 @A110', '大学英语4 @A110', '', '', '', '', '', '', '', '', '大学体育4', '大学体育4', '马克思主义基本原理 @15-513', '马克思主义基本原理 @15-513', '中国艺术设计史 @A113', '中国艺术设计史 @A113', '', '', '', '', '', ''),
('13131701', '', '', '大学英语2 @A109', '大学英语2 @A109', '思想道德修养 @15-101', '思想道德修养 @15-101', '', '', '', '', '', '', '', '', '', '', '大学英语2 @15-207', '大学英语2 @15-207', '大学体育2', '大学体育2', '大学语文 @美术大楼A111', '大学语文 @美术大楼A111', '大学语文 @美术大楼A111', '', '', '', '', '', '', '', '', '', '设计概论 @A111', '设计概论 @A111', '', '', '', '', '', ''),
('13131702', '', '', '大学英语2 @A109', '大学英语2 @A109', '思想道德修养 @15-101', '思想道德修养 @15-101', '', '', '', '', '', '', '', '', '', '', '大学英语2 @15-207', '大学英语2 @15-207', '大学体育2', '大学体育2', '大学语文 @美术大楼A111', '大学语文 @美术大楼A111', '大学语文 @美术大楼A111', '', '', '', '', '', '', '', '', '', '设计概论 @A111', '设计概论 @A111', '', '', '', '', '', ''),
('13151501', '', '', '', '', '', '', '', '', '', '', '', '', '当代经济与政治 @15-513', '当代经济与政治 @15-513', '世界现代设计史 @A111', '世界现代设计史 @A111', '', '', '', '', '民族理论与政策 @15-513', '民族理论与政策 @15-513', '', '', '', '', '', '', '', '', '', '', '', '', '', '', '', '', '', ''),
('13151601', '', '', '', '', '', '', '', '', '', '', '', '', '', '', '', '', '大学英语4 @A110', '大学英语4 @A110', '', '', '', '', '', '', '', '', '', '', '大学体育4', '大学体育4', '中国艺术设计史 @A113', '中国艺术设计史 @A113', '', '', '马克思主义基本原理 @15-205', '马克思主义基本原理 @15-205', '', '', '', ''),
('13151701', '', '', '大学体育2', '大学体育2', '', '思想道德修养 @15-101', '思想道德修养 @15-101', '大学语文 @美术大楼A109', '', '', '', '', '大学英语2 @15-311', '大学英语2 @15-311', '', '', '', '', '大学英语2 @15-215', '大学英语2 @15-215', '', '', '', '', '', '', '', '', '', '', '', '', '', '', '设计概论 @A111', '设计概论 @A111', '', '', '', ''),
('13171501', '', '', '', '', '', '', '', '', '', '', '', '', '当代经济与政治 @15-513', '当代经济与政治 @15-513', '世界现代设计史 @A111', '世界现代设计史 @A111', '', '', '', '', '民族理论与政策 @15-513', '民族理论与政策 @15-513', '', '', '', '', '', '', '', '', '', '', '', '', '', '', '', '', '', ''),
('13171601', '', '', '', '', '', '', '', '', '', '', '', '', '', '', '', '', '大学英语4 @A110', '大学英语4 @A110', '', '', '', '', '', '', '', '', '', '', '大学体育4', '大学体育4', '中国艺术设计史 @A113', '中国艺术设计史 @A113', '', '', '马克思主义基本原理 @15-205', '马克思主义基本原理 @15-205', '', '', '', ''),
('03101501', '', '', '少数民族影视题材专题@2-203', '少数民族影视题材专题@2-203', '导演基础@13-408                   ', '导演基础@13-408', '导演基础@13-408', '', '', '', '', '', '非线性编辑@13-505                  ', '非线性编辑@13-505                  ', '非线性编辑@13-505                  ', '', '戏剧影视评论@2-403', '戏剧影视评论@2-403', '', '', '', '', '', '', '贵州地方戏剧整理与改编@2-402', '贵州地方戏剧整理与改编@2-402', '港台电影专题@6-102', '港台电影专题@6-102', '', '', '', '', '民族理论与政策@15-405', '民族理论与政策@15-405', '戏剧影视评论@2-403', '戏剧影视评论@2-403', '', '', '', ''),
('03131601', '数据库应用技术@图书馆A504               ', '数据库应用技术@图书馆A504               ', '', '', '', '', '', '', '信息存贮与检索@图书馆A504', '信息存贮与检索@图书馆A504', '', '', '', '毛泽东思想与中国特色社会主义理论体系概论@15-103', '毛泽东思想与中国特色社会主义理论体系概论@15-103', '毛泽东思想与中国特色社会主义理论体系概论@15-103', '', '', '数据库应用技术@图书馆A504', '数据库应用技术@图书馆A504', '文献保护概论@图书馆A504', '文献保护概论@图书馆A504', '', '', '', '', '信息存贮与检索@图书馆A504', '信息存贮与检索@图书馆A504', '目录学@2-201', '目录学@2-201', '大学英语4@15-207', '大学英语4@15-207', '统计分析基础@图书馆A504', '统计分析基础@图书馆A504', '体育4', '体育4', '信息资源管理@A504', '信息资源管理@A504', '信息资源管理@A504', ''),
('07031501', '', '', '数据库原理与应用@15-517', '数据库原理与应用@15-517', '', '', '', '', '', '', '', '', '民族理论与政策@15-101', '民族理论与政策@15-101', '', '', '数据库原理与应用@15-517', '数据库原理与应用@15-517', '', '', '', '', '', '', '', '密码学与信息安全@5-505 ', '密码学与信息安全@5-505', '密码学与信息安全@5-505', '', '', '', '', '数据库原理与应用@13-503', '数据库原理与应用@13-503', '光电探测与信号处理@15-517', '光电探测与信号处理@15-517', '', '', '', ''),
('07031601', '', '', '', '', '复变函数与积分变换@15-409', '复变函数与积分变换@15-409', '物联网技术概论（双周）@实验室13-203', '物联网技术概论（双周）@实验室13-203', '物联网技术概论@15-410', '物联网技术概论@15-410', '物联网技术概论@15-410', '', '传感器技术@15-410', '传感器技术@15-410', '', '', '计算机网络技术@15-409', '计算机网络技术@15-409', '计算机网络技术@13-507', '计算机网络技术@13-507', '传感器技术@15-410(单周) /5-405（双周）', '传感器技术@15-410(单周) /5-405（双周）', '马克思主义基本原理@15-209', '马克思主义基本原理@15-209', '单片机原理与技术@15-410', '单片机原理与技术@15-410', '大学体育', '大学体育', '复变函数与积分变换（单周）@15-409', '复变函数与积分变换（单周）@15-409', '单片机原理与技术@5-404', '单片机原理与技术@5-404', '电子元器件@15-410', '电子元器件@15-410', '大学英语@15-209', '大学英语@15-209', '', '', '', ''),
('07031701', '大学英语2@1A-403', '大学英语2@1A-403', '', '', '大学物理@1B-508', '大学物理@1B-508', '高等数学@1A-703', '高等数学@1A-703', '电子电路基础@1A-703', '电子电路基础@1A-703', '思想道德修养与法律基础@1A-507', '思想道德修养与法律基础@1A-507', '大学体育', '大学体育', '高级语言程序设计@1A-607', '高级语言程序设计@1A-607', '大学英语2@1A-405', '大学英语2@1A-405', '大学物理@1A-404', '大学物理@1A-404', '高等数学@15-517（2点上课）', '高等数学@15-517（2点上课）', '电子电路基础@15-519（单周）/5-307（双周）', '电子电路基础@15-519（单周）/5-307（双周）', '高级语言程序设计@15-519（8点上课）', '高级语言程序设计@15-519（8点上课）', '高级语言程序设计@13-507', '高级语言程序设计@13-507', '高等数学@1A-705', '高等数学@1A-705', '', '', '', '', '', '', '', '', '', ''),
('09121502', '', '管理心理学(单周)@15-508', '管理心理学(单周)@15-508', '管理心理学（双周）@15-508', '管理心理学（双周）@15-508', '', '民族理论', '民族理论', '地方政府学@15-508', '地方政府学@15-508', '地方政府学@15-508', '', '', '', '', '', '市政学@15-507', '市政学@15-507', '市政学@15-507', '', '民族地区弱势群体研究@15-507', '民族地区弱势群体研究@15-507', '', '', '', '', '', '', '', '', '', '', '公共部门决策理论与方法@15-508', '公共部门决策理论与方法@15-508', '公共部门决策理论与方法@15-508', '', '', '', '', ''),
('09051501', '农村金融学@教1-B216', '农村金融学@教1-B216', '农村金融学@教1-B216', '', '投资银行学@教1-B216', '投资银行学@教1-B216', '', '', '投资银行学@教1-B216', '投资银行学@教1-B216', '国际金融学@教1-B216', '国际金融学@教1-B216', '保险学@教1-C105', '保险学@教1-C105', '保险学@教1-C105', '', '国际金融学@教1-B216', '国际金融学@教1-B216', '', '', '国际贸易@教1-B216', '国际贸易@教1-B216', '民族理论@教1-C223', '民族理论@教1-C223', '金融市场学@教1-B216', '金融市场学@教1-B216', '金融市场学@教1-B216', '', '', '', '', '', '', '投资基金管理@教1-B216', '投资基金管理@教1-B216', '投资基金管理@教1-B216', '', '', '', ''),
('09051601', '', '', '', '', '', '', '体育四', '体育四', '毛泽东思想和中国特色社会主义理论体系概论@教1-C223', '毛泽东思想和中国特色社会主义理论体系概论@教1-C223', '毛泽东思想和中国特色社会主义理论体系概论@教1-C223', '', '数据库程序设计@A3-411', '数据库程序设计@A3-411', '数据库程序设计@A3-411', '', '统计学原理@教1-D227', '统计学原理@教1-D227', '统计学原理@教1-D227', '', '商业银行经营与管理@教1-D227', '商业银行经营与管理@教1-D227', '管理学原理@教1-D227', '管理学原理@教1-D227', '大学英语四@教1-D227', '大学英语四@教1-D227', '', '', '', '', '', '', '商业银行经营与管理@教1-D227', '商业银行经营与管理@教1-D227', '', '', '', '', '', ''),
('09051701', '', '', '大学英语二@1A-507', '大学英语二@1A-507', '', '', '', '', '', '', '体育二', '体育二', '大学英语二@1A-405', '大学英语二@1A-405', '', '', '公共关系学@1A-507', '公共关系学@1A-507', '微观经济学@1A-507', '微观经济学@1A-507', '大学语文@1B-605', '大学语文@1B-605', '大学语文@1B-605', '', '微观经济学@1A-707', '微观经济学@1A-707', '市场营销学@1A-507', '市场营销学@1A-507', '中国近代史纲要@1A-407', '中国近代史纲要@1A-407', '', '', '线性代数@1A-504', '线性代数@1A-504', '线性代数@1A-504', '', '', '', '', ''),
('09061501', '市场营销学@教1-B217', '市场营销学@教1-B217', '公文与财经应用写作@教1-D234', '公文与财经应用写作@教1-D234', '', '', '', '', '人力资源管理@教1-B217', '人力资源管理@教1-B217', '生产运作与管理@教1-C105', '生产运作与管理@教1-C105', '保险学@教1-C105', '保险学@教1-C105', '保险学@教1-C105', '', '民族理论@教1-C223', '民族理论@教1-C223', '', '', '专业课程实训', '专业课程实训', '专业课程实训', '专业课程实训', '证券投资学@教1-C104', '证券投资学@教1-C104', '证券投资学@教1-C104', '', '', '', '', '', '政府经济分析@教1-B217', '政府经济分析@教1-B217', '政府经济分析@教1-B217', '', '', '', '', ''),
('09061601', '统计软件应用@A3-411', '统计软件应用@A3-411', '统计软件应用@A3-411', '统计软件应用@A3-411', '', '', '体育四', '体育四', '毛泽东思想和中国特色社会主义理论体系概论@教1-C223', '毛泽东思想和中国特色社会主义理论体系概论@教1-C223', '毛泽东思想和中国特色社会主义理论体系概论@教1-C223', '', '数据库程序设计@A3-411', '数据库程序设计@A3-411', '数据库程序设计@A3-411', '', '区域经济学@教1-D226', '区域经济学@教1-D226', '区域经济学@教1-D226', '', '经济法@教1-C105', '经济法@教1-C105', '经济法@教1-C105', '', '产业经济学@教1-D226', '产业经济学@教1-D226', '产业经济学@教1-D226', '', '大学英语四@教1-D226', '大学英语四@教1-D226', '', '', '金融学@教1-C105', '金融学@教1-C105', '金融学@教1-C105', '', '', '', '', ''),
('09061701', '大学英语二@1A-707', '大学英语二@1A-707', '微观经济学@1A-607', '微观经济学@1A-607', '', '', '大学语文@1A-404', '大学语文@1A-404', '', '', '大学英语二@1A-707', '大学英语二@1A-707', '体育二', '体育二', '', '', '统计学原理@1A-705', '统计学原理@1A-705', '统计学原理@1A-705', '', '基础会计学@1A-407', '基础会计学@1A-407', '微观经济学@1A-607', '微观经济学@1A-607', '', '', '中国近代史纲要@1A-607', '中国近代史纲要@1A-607', '基础会计学@1A-407', '基础会计学@1A-407', '', '', '线性代数@1A-504', '线性代数@1A-504', '线性代数@1A-504', '', '', '', '', ''),
('09011501', '审计学@教1-B206', '审计学@教1-B206', '企业会计报表分析@教1-B206', '企业会计报表分析@教1-B206', '政府与非营利组织会计@教1-B206', '政府与非营利组织会计@教1-B206', '政府与非营利组织会计@教1-B206', '', '审计学@教1-B206', '审计学@教1-B206', '会计准则与内部控制@教1-B206', '会计准则与内部控制@教1-B206', '', '', '', '', '', '', '民族理论@教1-C223', '民族理论@教1-C223', '', '', '', '', '管理会计学@教1-B206', '管理会计学@教1-B206', '管理会计学@教1-B206', '', '高级财务会计@教1-B206', '高级财务会计@教1-B206', '高级财务会计@教1-B206', '', '', '', '企业会计制度设计@教1-B206', '企业会计制度设计@教1-B206', '', '', '', ''),
('09011601', '金融学@教1-D225', '金融学@教1-D225', '金融学@教1-D225', '', '体育四', '体育四', '', '', '', '', '', '', '毛泽东思想和中国特色社会主义理论体系概论@教1-C223', '毛泽东思想和中国特色社会主义理论体系概论@教1-C223', '毛泽东思想和中国特色社会主义理论体系概论@教1-C223', '', '经济法@教1-D225', '经济法@教1-D225', '经济法@教1-D225', '', '中级财务会计（下）@教1-D225', '中级财务会计（下）@教1-D225', '', '', '中级财务会计（下）@教1-D225', '中级财务会计（下）@教1-D225', '大学英语四@教1-D225', '大学英语四@教1-D225', '税法@教1-D225', '税法@教1-D225', '', '', '税法@教1-D225', '税法@教1-D225', '', '', '', '', '', ''),
('09011701', '', '', '基础会计学@1A-707', '基础会计学@1A-707', '大学英语二@1A-707', '大学英语二@1A-707', '', '', '大学英语二@1A-707', '大学英语二@1A-707', '体育二', '体育二', '市场营销学@1A-703', '市场营销学@1A-703', '市场营销学@1A-703', '', '微观经济学@1A-707', '微观经济学@1A-707', '基础会计学@1A-707', '基础会计学@1A-707', '', '', '', '', '中国近代史纲要@1A-607', '中国近代史纲要@1A-607', '微观经济学@1A-707', '微观经济学@1A-707', '', '', '', '', '线性代数@1A-504', '线性代数@1A-504', '线性代数@1A-504', '', '', '', '', '');

-- --------------------------------------------------------

--
-- 表的结构 `college`
--

CREATE TABLE `college` (
  `id` varchar(8) NOT NULL COMMENT '学院ID',
  `name` varchar(15) NOT NULL COMMENT '学院名称'
) ENGINE=MyISAM DEFAULT CHARSET=utf8;

--
-- 转存表中的数据 `college`
--

INSERT INTO `college` (`id`, `name`) VALUES
('01', '法学院'),
('02', '传媒学院'),
('03', '文学院'),
('04', '生态环境工程学院'),
('05', '外国语学院'),
('06', '化学工程学院'),
('07', '数据科学与信息工程学院'),
('08', '民族学与社会学学院'),
('09', '商学院'),
('10', '机械电子工程学院'),
('11', '体育与健康学院'),
('12', '音乐舞蹈学院'),
('13', '美术学院'),
('14', '旅游与航空服务学院'),
('15', '建筑工程学院'),
('16', '预科教育学院'),
('17', '马克思主义学院'),
('41', '民族文化与认知科学学院'),
('44', '材料科学与工程学院');

-- --------------------------------------------------------

--
-- 表的结构 `major`
--

CREATE TABLE `major` (
  `id` varchar(8) NOT NULL COMMENT '专业ID',
  `name` varchar(15) NOT NULL COMMENT '专业名称'
) ENGINE=MyISAM DEFAULT CHARSET=utf8;

--
-- 转存表中的数据 `major`
--

INSERT INTO `major` (`id`, `name`) VALUES
('1401', '旅游管理'),
('1405', '旅游管理（旅游规划）'),
('1406', '音乐表演（空中乘务）'),
('1408', '旅游管理类'),
('1409', '会展经济与管理'),
('1410', '旅游管理(航空服务)'),
('1501', '建筑学'),
('1502', '土木工程'),
('1503', '工程管理'),
('1504', '采矿工程'),
('1506', '城乡规划'),
('1507', '城乡规划（乡村建设规划）'),
('1604', '二本预科(理科)'),
('1605', '二本预科(文科)'),
('1606', '三本预科(理科)'),
('1608', '三本预科(文科)'),
('1701', '思想政治教育'),
('4107', '学前教育'),
('4101', '应用心理学'),
('4102', '教育技术学（认知学院）'),
('4401', '材料科学与工程'),
('4402', '复合材料与工程'),
('0601', '应用化学'),
('0604', '药学'),
('0607', '应用化学(精细化工方向)'),
('0609', '中药资源与开发'),
('0611', '制药工程'),
('0612', '化学工程与工艺'),
('0402', '环境科学'),
('0405', '环境科学与工程'),
('0406', '环境生态工程'),
('1002', '应用物理学'),
('1008', '测控技术与仪器'),
('1009', '机械电子工程'),
('1003', '电子信息科学与技术'),
('1001', '光电信息科学与工程'),
('1101', '体育教育'),
('1103', '社会体育指导与管理'),
('1201', '音乐学'),
('1202', '音乐表演'),
('1203', '舞蹈学'),
('1205', '音乐表演（民族特色表演方向）'),
('1206', '舞蹈表演'),
('1302', '美术学'),
('1303', '动画'),
('1304', '美术学（版画）'),
('1305', '美术学（油画）'),
('1306', '美术学（国画）'),
('1311', '环境设计'),
('1312', '视觉传达设计'),
('1313', '服装与服饰设计'),
('1315', '产品设计(民间技能)'),
('1316', '书法学'),
('1317', '产品设计'),
('0101', '法学'),
('0102', '法学法官班'),
('0103', '法学实验班'),
('0201', '数字媒体艺术'),
('0202', '广告学'),
('0203', '新闻学'),
('0205', '广播电视编导'),
('0206', '教育技术学'),
('0207', '教育技术学（远程教育）'),
('0208', '传播学'),
('0210', '网络与新媒体'),
('0211', '播音与主持艺术'),
('0212', '广播电视学'),
('0213', '设计学类'),
('0301', '中国少数民族语言文学'),
('0304', '汉语言文学'),
('0306', '汉语言文学（现代秘书方向）'),
('0309', '汉语国际教育'),
('0310', '戏剧影视文学'),
('0313', '图书馆学'),
('0501', '英语'),
('0502', '日语'),
('0503', '商务英语'),
('0701', '计算机科学与技术'),
('0702', '信息管理与信息系统'),
('0703', '物联网工程'),
('0704', '软件工程'),
('0705', '统计学类'),
('0706', '应用统计学'),
('0707', '数学与应用数学'),
('0710', '数学类'),
('0801', '社会学'),
('0802', '社会工作'),
('0803', '历史学'),
('0804', '民族学'),
('0807', '文化产业管理'),
('0808', '文物与博物馆学'),
('0901', '会计学'),
('0902', '工商管理'),
('0903', '市场营销'),
('0904', '电子商务'),
('0905', '金融学'),
('0906', '经济学'),
('0907', '经济统计'),
('0908', '人力资源管理'),
('0909', '工商管理类'),
('0910', '公共管理类'),
('0911', '劳动与社会保障'),
('0912', '行政管理'),
('0913', '公共事业管理');

--
-- 转储表的索引
--

--
-- 表的索引 `class`
--
ALTER TABLE `class`
  ADD PRIMARY KEY (`id`);

--
-- 表的索引 `classtables`
--
ALTER TABLE `classtables`
  ADD PRIMARY KEY (`class_id`),
  ADD UNIQUE KEY `class_id` (`class_id`);

--
-- 表的索引 `college`
--
ALTER TABLE `college`
  ADD PRIMARY KEY (`id`);

--
-- 表的索引 `major`
--
ALTER TABLE `major`
  ADD PRIMARY KEY (`id`);
COMMIT;

/*!40101 SET CHARACTER_SET_CLIENT=@OLD_CHARACTER_SET_CLIENT */;
/*!40101 SET CHARACTER_SET_RESULTS=@OLD_CHARACTER_SET_RESULTS */;
/*!40101 SET COLLATION_CONNECTION=@OLD_COLLATION_CONNECTION */;
